id,domain,status,purchase_price,renewal_price,attractiveness,demand,length,registrar,created_at,expires_at,status_verified_at
da8836b1-bf91-4021-89a3-0a13ee7de5a2,legal.attorney,premium,3125,3125,high,medium,5,name.com,,,22/08/2026 22:52
486f9ac8-575b-44cd-a343-3ae3b0469573,law.attorney,available,,,high,medium,3,,,,
93a50a29-be76-40d9-9622-4a07cba46ce8,legal.claims,premium,854,854,high,medium,5,namesilo,,,22/08/2026 22:52
b40aef28-e715-419a-a3d2-0d99c10834ca,legal.limited,premium,78.54,78.54,high,medium,5,namesilo,,,22/08/2026 22:52
f3683a60-6d95-44ba-b823-69ba959c4029,legal.ltd,resell,,,high,medium,5,"Sav.com, LLC - 4",20/09/2026 15:15,20/09/2027 15:15,26/09/2026 07:11
328fa415-76f7-4451-8bd7-4717532f44d8,legal.enterprises,available,5.99,50.99,high,medium,5,name.com,,,22/08/2026 22:52
94a6801d-35bc-42aa-9f39-0990132c71a6,law.lawyer,available,,,high,medium,3,,,,
f9a941b4-129b-46ca-ab41-5e8bafff22e3,legal.holdings,premium,78.54,78.54,high,medium,5,namesilo,,,22/08/2026 22:52
ff7de550-7f61-4832-88dd-e4b9ab48a6d9,legal.photo,premium,116,116,high,medium,5,namesilo,,,22/08/2026 22:52
6398b065-fb86-4373-9511-955ff044713e,legal.world,resell,,,high,medium,5,"Spaceship, Inc.",14/01/2015 16:00,14/01/2027 16:00,26/09/2026 07:11
cea56c0f-944e-437b-9f30-6b57dc6eece8,legal.cc,resell,,,high,medium,5,"Wild West Domains, LLC",17/02/2007 09:22,17/02/2027 09:22,26/09/2026 07:11
ca6fe7bb-9ec0-4f05-bcac-efdf944adac1,legal.esq,premium,811.25,811.25,high,medium,5,name.com,,,22/08/2026 22:52
507195c0-74a5-4b90-9f59-9e78955d32fc,legal.holiday,available,9.99,83.99,high,medium,5,name.com,,,22/08/2026 22:52
0423f094-972f-4385-974a-d640cc088cf5,legal.apartments,available,19.99,83.99,high,medium,5,name.com,,,22/08/2026 22:52
b986e7f4-0f86-4f96-87b5-09c1a325d0c7,legal.cooking,available,32.49,32.49,high,medium,5,namesilo,,,22/08/2026 22:52
4c15d2cb-0e74-4357-9968-675e3338bb62,legal.mov,premium,623.75,623.75,high,medium,5,name.com,,,22/08/2026 22:52
2e6f1c47-3457-408f-b2e0-9be7229b0b24,legal.fyi,resell,,,high,medium,5,Dynadot Inc,05/10/2023 03:01,05/10/2028 03:01,26/09/2026 07:11
b24f1346-c6cb-4442-bb96-9c1a0767205b,legal.mom,premium,812.5,812.5,high,medium,5,name.com,,,22/08/2026 22:52
ade1bb54-9ee6-4fda-bf7d-1aa5b877398d,legal.juegos,available,368.98,478.98,high,medium,5,namecheap,,,22/08/2026 22:52
afeb57e8-3e4d-4e50-bc67-a32bf7685f3b,legal.salon,available,19.99,83.99,high,medium,5,name.com,,,22/08/2026 22:52
5733cc24-fef5-4b68-bd05-8e701cc81cda,legal.fish,premium,242,242,high,medium,5,namesilo,,,22/08/2026 22:52
59ca424b-4301-4a22-ae68-e4154e652d71,legal.accountants,premium,854,854,high,medium,5,namesilo,,,22/08/2026 22:52
7b81b5d1-d3ec-4d12-94f9-0493a2121d84,legal.college,premium,3125,3125,high,medium,5,name.com,,,22/08/2026 22:52
b9ba90de-4f59-464c-ae7a-2bf7545ea372,legal.rsvp,premium,623.75,623.75,high,medium,5,name.com,,,22/08/2026 22:52
a847b8e1-8eb0-4de1-bfa7-39c44a65d422,legal.new,available,488.98,601.98,high,medium,5,namecheap,,,22/08/2026 22:52
3941f626-95f5-4e34-b7c3-e88d17d48930,legal.living,premium,91,130,high,medium,5,namecheap,,,22/08/2026 22:52
ce732ba3-1579-40cf-8f54-5525158d1c2f,legal.luxe,resell,,,high,medium,5,"Chengdu West Dimension Digital Technology Co., Ltd.",10/06/2026 00:49,10/06/2027 00:49,26/09/2026 07:11
3b05755a-fc73-483e-8a87-4f99a84ae0ab,legal.kids,premium,53.92,21.24,high,medium,5,namesilo,,,22/08/2026 22:52
ab782d4e-2b9b-4a9f-b142-7495f33b591c,legal.lgbt,available,11.98,93.98,high,medium,5,namecheap,,,22/08/2026 22:52
666a78df-64e8-4ed4-bab6-0634c73e1ca6,legal.dentist,premium,242,242,high,medium,5,namesilo,,,22/08/2026 22:52
cd75a07b-5af3-41d4-b370-79894be45431,legal.storage,available,509.99,529.99,high,medium,5,namesilo,,,27/09/2026 06:53
dc414e13-e139-44a5-beb2-1901bd04b4c3,legal.gives,premium,85.8,85.8,high,medium,5,namecheap,,,27/09/2026 06:43
aa2058e8-c53c-4d17-b893-ca121e38f934,legal.ceo,premium,499,499,high,medium,5,name.com,,,22/08/2026 22:52
8978a09d-bcc8-4b68-8c07-546dd927892e,legal.tienda,available,9.99,77.99,high,medium,5,name.com,,,22/08/2026 22:52
c0cd0afd-feca-46c3-9b29-cb2c2d4a3378,legal.cleaning,available,75.49,75.49,high,medium,5,namesilo,,,22/08/2026 22:52
8357029b-d237-4224-9c63-3d6a4399536a,legal.global,premium,5000,5000,high,medium,5,name.com,,,22/08/2026 22:52
83e5e59e-2e21-408a-8ee8-f2cfdad9a199,legal.wiki,premium,162.5,325,high,medium,5,namecheap,,,22/08/2026 22:52
ddf7884b-2656-43db-9857-d100c796dfd1,legal.style,premium,78.54,78.54,high,medium,5,namesilo,,,22/08/2026 22:52
05733b6c-3000-4011-b6f7-ad2a276d7bde,legal.dealer,premium,2015,2600,high,medium,5,namecheap,,,22/08/2026 22:52
88cf003c-4880-4066-b0c7-327ac539820d,legal.site,available,,,high,medium,5,,,,
be0c9dfe-d077-438b-8544-d4e85ed2d803,legal.exposed,premium,242,242,high,medium,5,namesilo,,,22/08/2026 22:52
95b2065e-bd90-48b3-b476-0103e59b1a88,legal.reisen,available,3.99,20.99,high,medium,5,namesilo,,,22/08/2026 22:52
3333a4f2-9fe2-470e-92c1-963c220220c4,legal.green,premium,1875,1875,high,medium,5,name.com,,,22/08/2026 22:52
d5d36401-b8a7-4698-9ff0-82dccfed5237,legal.degree,premium,1107,1107,high,medium,5,namesilo,,,27/09/2026 06:42
4a72f7dc-b87f-4be4-a051-ec046376b2ee,legal.qpon,premium,3450,23.54,high,medium,5,namesilo,,,22/08/2026 22:52
59b52995-f7e8-4754-bba2-a06637bec72d,legal.giving,available,5.99,40.99,high,medium,5,name.com,,,22/08/2026 22:52
0124ba0e-a346-4595-b45d-9c7bc8536328,legal.diamonds,available,54.99,54.99,high,medium,5,namesilo,,,22/08/2026 22:52
4c848649-4649-495c-8ee9-47466f388178,legal.cyou,premium,384,768,high,medium,5,namesilo,,,27/09/2026 06:56
cbf336a1-ea96-49b6-a224-66b1a8beb4cf,legal.financial,premium,118.8,118.8,high,medium,5,namesilo,,,22/08/2026 22:52
d154faf3-4e1b-4715-ba13-4e6a20d15ca1,legal.rodeo,premium,96,11.8,high,medium,5,namesilo,,,22/08/2026 22:52
253e8e43-d9fb-4eca-bf1a-0a960435f1c3,legal.ing,premium,812.5,812.5,high,medium,5,name.com,,,22/08/2026 22:52
64096f94-bd47-4369-8891-080e4b5ef0ab,legal.cards,premium,78.54,78.54,high,medium,5,namesilo,,,22/08/2026 22:52
ed12226f-e7f7-43a5-8a2b-cc9206891b43,legal.hospital,available,55.98,71.98,high,medium,5,namecheap,,,22/08/2026 22:52
9e938bb7-bedb-46fe-917c-00185fd587a3,legal.observer,premium,854,854,high,medium,5,namesilo,,,22/08/2026 22:52
36a9e4ef-96ff-4eed-88d6-1135608ed28b,legal.page,premium,623.75,623.75,high,medium,5,name.com,,,22/08/2026 22:52
e84dff1b-7828-407b-9f32-74baa7bde015,legal.pw,premium,749.17,1498.33,high,medium,5,name.com,,,22/08/2026 22:52
cbf96915-2bed-4151-a9bc-3812b521b214,legal.graphics,premium,38.94,38.94,high,medium,5,namesilo,,,22/08/2026 22:52
ba537513-601b-4915-af6c-fb20c2c74ff8,legal.shopping,premium,500,500,high,medium,5,name.com,,,22/08/2026 22:52
d0cb565d-8525-4e61-a703-3d8e86436edf,legal.shiksha,available,11.98,69.98,high,medium,5,namecheap,,,22/08/2026 22:52
503071e3-f5b9-4650-95a2-aaf8c7aa1d10,legal.forsale,premium,500,500,high,medium,5,name.com,,,22/08/2026 22:52
3ac4e22b-9dc4-4e14-978a-bb02e9024c8f,legal.fun,premium,1562.5,6250,high,medium,5,name.com,,,22/08/2026 22:52
d055d281-20eb-4735-aa6f-f481733634e7,legal.dad,premium,623.75,623.75,high,medium,5,name.com,,,22/08/2026 22:52
17246b09-4c95-4a03-a8d8-03ef2f624ad5,law.hiv,available,,,high,medium,3,,,,
3f3308c7-50c4-4f86-b9c6-6f66a9d02c20,legal.horse,premium,96,29.5,high,medium,5,namesilo,,,22/08/2026 22:52
2d2dc3dd-df62-41f1-ba6d-fd1554018312,legal.reise,available,27.89,97.99,high,medium,5,namesilo,,,22/08/2026 22:52
b62ad756-ee3a-4411-a753-567e69d8c6b0,legal.diy,premium,87.5,125,high,medium,5,name.com,,,22/08/2026 22:52
92d5650e-a0f8-4161-be04-fa0e9616fc0f,legal.pictures,premium,23.6,23.6,high,medium,5,namesilo,,,22/08/2026 22:52
80a785dd-8949-4d74-a17c-aead508fdbdf,legal.locker,premium,1654.52,8.8,high,medium,5,namesilo,,,22/08/2026 22:52
1ae5be06-0609-462a-a91a-35b1e52e648a,legal.productions,premium,242,242,high,medium,5,namesilo,,,22/08/2026 22:52
1f4c10b0-af73-4218-ae05-cfc821f96440,law.space,premium,1625,6500,high,medium,3,namecheap,,,
db7ec8f6-aaf7-4f3c-a482-5a6ad7834801,legal.protection,available,1999.99,2049.99,high,medium,5,namesilo,,,22/08/2026 22:52
2f03b42d-972c-4ee5-bb18-acea55d72e67,legal.pet,available,6.98,35.98,high,medium,5,namecheap,,,22/08/2026 22:52
63f2432a-5a00-4320-8ab2-15a2cf4ba512,legal.surgery,premium,118.8,118.8,high,medium,5,namesilo,,,22/08/2026 22:52
1ceb05ee-5a47-4d2e-9b35-fef6f9952e5d,legal.estate,premium,118.8,118.8,high,medium,5,namesilo,,,22/08/2026 22:52
9ab2e4ba-91c7-45c7-9e62-6a7f9277dba5,legal.cafe,resell,,,high,medium,5,"Chengdu West Dimension Digital Technology Co., Ltd.",28/07/2023 15:15,28/07/2027 15:15,26/09/2026 07:11
15a430c3-6a15-497d-bd17-b4165a49b72c,legal.coffee,resell,,,high,medium,5,Dynadot Inc,13/06/2026 17:00,13/06/2027 17:00,26/09/2026 07:11
32e86b05-a05b-47c5-b375-afad8149c8ac,legal.tech,premium,7812.5,31250,high,medium,5,name.com,,,22/08/2026 22:52
5519dabd-e155-4561-85cc-5b56d97440e0,law.apartments,available,19.99,,high,medium,3,name.com,,,
b5ef3529-5b08-4b59-abea-28da17527aa0,law.organic,available,19.99,,high,medium,3,name.com,,,
34ffa752-12eb-474e-9324-1d7369154e6d,legal.miami,premium,854,302.5,high,medium,5,namesilo,,,22/08/2026 22:52
f32600fe-aa0c-4562-a277-50d5a9fba416,law.training,premium,520,520,high,medium,3,namecheap,,,
a1829d0c-9d0e-4511-aef1-d1e7b15d3abc,law.coupons,available,59.98,,high,medium,3,namecheap,,,
784933a3-3ec5-49dc-b286-e8cb0784c314,law.soy,premium,698.1,698.1,high,medium,3,namecheap,,,
97f92ff1-e6b0-4223-995b-607c356d6736,law.boutique,available,,,high,medium,3,,,,
e99d4aa2-d795-4ee0-9cf0-40715c19b4ef,law.faith,premium,650,84.5,high,medium,3,namecheap,,,
6c5c8ee9-7cfd-4d40-b506-28ee8c1026f9,legal.lighting,available,14.99,33.99,high,medium,5,name.com,,,22/08/2026 22:52
de92ee64-3585-46cd-a4ea-7cdf33fe07f3,legal.sex,premium,9699.87,179.99,high,medium,5,name.com,,,22/08/2026 22:52
6b1f731e-e55c-4916-bba2-1cb3576b7b7d,law.cam,premium,1040,18.2,high,medium,3,namecheap,,,
a5013e00-5af6-4904-bfdc-f03e81a07b2b,legal.futbol,available,5.98,21.98,high,medium,5,namecheap,,,22/08/2026 22:52
3d5aa23f-bb1e-44a5-958c-a39eae949393,legal.sydney,premium,58,58,high,medium,5,namesilo,,,22/08/2026 22:52
ee37b2b2-85e4-4dee-80ab-19ab7fd2efa4,law.beauty,premium,2600,15.73,high,medium,3,namecheap,,,
ad72b8da-acc5-4564-8dd0-51a98493d4f8,law.parts,premium,85.8,85.8,high,medium,3,namecheap,,,
5296fbc6-8b5b-4771-8f97-7110601e2ffa,law.finance,resell,,,high,medium,3,Dynadot Inc,24/01/2024 15:15,24/01/2027 15:15,26/09/2026 07:09
b23b14c0-ba46-4053-bef1-1cc52ce84884,law.band,premium,35.4,35.4,high,medium,3,namesilo,,,25/09/2026 11:31
de933646-3cf0-488a-9dee-5e88118afbdf,law.bayern,premium,1170.58,,high,medium,3,name.com,,,
5eadb36e-e5cf-4ffa-a189-0907a2a4a816,legal.cruises,premium,118.8,118.8,high,medium,5,namesilo,,,22/08/2026 22:52
42a37b8b-249a-40f4-b814-1f11dee0e550,legal.healthcare,premium,500,500,high,medium,5,name.com,,,22/08/2026 22:52
6cdd4571-c595-4a43-92a7-f852005ea3b4,law.spot,premium,3250,3250,high,medium,3,namecheap,,,
bf752b5f-96a9-41c2-9feb-73d270fde0dd,law.travel,available,23.98,186.98,high,medium,3,namecheap,,,25/09/2026 11:31
eb453577-0a38-4df1-be67-61cb8d705c0f,legal.theater,available,19.99,83.99,high,medium,5,name.com,,,22/08/2026 22:52
6322f663-c534-4243-a867-add2a83d4ef5,legal.moe,premium,96,14.16,high,medium,5,namesilo,,,22/08/2026 22:52
d60ea353-58d8-4f5c-b70e-53750c622202,law.science,premium,650,84.5,high,medium,3,namecheap,,,
1fe9827a-d50b-43c6-8c1e-b249974c3392,legal.spot,premium,625,625,high,medium,5,name.com,,,22/08/2026 22:52
b078eb24-3cdb-4f83-abe9-070bc428958e,legal.soy,premium,623.75,623.75,high,medium,5,name.com,,,22/08/2026 22:52
fb507414-13d0-4c8e-9996-6efd206293c8,law.industries,premium,128.7,128.7,high,medium,3,namecheap,,,
120cd45b-ccfe-4d01-ad2d-a718326fc729,law.charity,premium,260,260,high,medium,3,namecheap,,,
5035edef-fa81-4cd7-890f-79b51b1bae75,law.dentist,premium,520,520,high,medium,3,namecheap,,,
7b99dbed-5adf-4ade-84d1-4b55f40ae4e0,law.florist,available,14.99,,high,medium,3,name.com,,,
1644616f-08ba-4487-8dfe-9b7b5b80de46,legal.boo,premium,623.75,623.75,high,medium,5,name.com,,,22/08/2026 22:52
0337147c-2943-41c2-8b67-aff80472e5f1,law.guitars,available,104.99,114.99,high,medium,3,namesilo,,,
1803b350-e8cc-456c-8841-193f1f7df4b4,law.racing,premium,130,130,high,medium,3,namecheap,,,
e9e21f6a-e142-4412-a3f6-5e1fbdef7a76,law.accountants,premium,128.7,128.7,high,medium,3,namecheap,,,
463b7954-16f7-44ae-a4d6-206e1aa08123,legal.rich,available,94.99,1999,high,medium,5,namesilo,,,27/09/2026 06:58
1a028f23-0baf-4901-b269-4b8cc26297ba,legal.yoga,resell,,,high,medium,5,"GoDaddy.com, LLC",26/08/2020 19:11,26/08/2027 19:11,26/09/2026 07:11
9bc74f60-926d-4eab-b2e3-42b9cc50f3d0,law.reisen,premium,26,26,high,medium,3,namecheap,,,
6afd474a-554f-4ac6-9bbc-79571ca90d11,law.nyc,available,,,high,medium,3,,,,
ed84d6d1-d858-42fa-81bb-d16b62dd0761,legal.space,premium,1625,6500,high,medium,5,namecheap,,,22/08/2026 22:52
c69bb974-0b76-46e1-8605-0718ed66ac57,legal.finance,resell,,,high,medium,5,"Spaceship, Inc.",21/02/2021 23:02,21/02/2027 23:02,26/09/2026 07:11
eb326fc3-e6b7-41c3-8737-f42eee41948a,legal.place,resell,,,high,medium,5,"Global Domains International, Inc. DBA DomainCostClub.com",24/09/2025 15:15,24/09/2027 15:15,26/09/2026 07:11
18c16532-3c1d-49a7-a9d0-dcb6c7a6d52d,law.moi,premium,242,242,high,medium,3,namesilo,,,
0061186c-71e7-4ed4-8768-fba89315dd94,legal.moda,available,19.99,52.99,high,medium,5,name.com,,,22/08/2026 22:52
260a5481-2bc8-4653-b481-5534d9f03bac,law.cruises,premium,128.7,128.7,high,medium,3,namecheap,,,
d8242cc4-76ba-4f4f-80ae-433b07df69f5,legal.ong,premium,625,312.5,high,medium,5,name.com,,,22/08/2026 22:52
132b49c7-cb9c-4467-ae61-2da9b204b569,law.rsvp,premium,1298.7,1298.7,high,medium,3,namecheap,,,
e9258aa6-d55d-4f87-9f7c-dfc8c27272e9,law.hospital,available,57.99,57.99,high,medium,3,namesilo,,,
06808334-cdaf-480e-8d13-c3f8051a0f1f,legal.foundation,premium,242,242,high,medium,5,namesilo,,,22/08/2026 22:52
58fe4f97-e018-445e-9ace-16cca4e51927,legal.limo,available,54.99,54.99,high,medium,5,namesilo,,,27/09/2026 06:50
38234f2d-f5df-4788-9964-f206558e61dd,law.shoes,available,39.99,,high,medium,3,name.com,,,
e7f40753-7e7d-4e68-846a-da44c11b1a0e,law.casa,premium,260,13,high,medium,3,namecheap,,,
3ab1c791-1d9c-458b-adbc-9a7a61294c91,law.info,premium,344998.85,35.99,high,medium,3,"GoDaddy.com, LLC",13/07/2002 19:23,13/07/2027 19:23,
99e470ef-7712-4eed-8888-a4c39a0eea88,legal.gallery,premium,78.54,78.54,high,medium,5,namesilo,,,22/08/2026 22:52
525be25e-8ed0-450c-850e-1cbba0b980cb,law.boo,premium,1298.7,1298.7,high,medium,3,namecheap,,,
427ec24f-fd43-4637-8db6-6bf7963269f3,law.zip,premium,1298.7,1298.7,high,medium,3,namecheap,,,
b7366e5c-26d5-49cb-bfcd-0d7e926014db,legal.villas,premium,118.8,118.8,high,medium,5,namesilo,,,22/08/2026 22:52
20a9fe1a-4192-4b0b-8bdf-439d744e62cf,law.memorial,premium,128.7,128.7,high,medium,3,namecheap,,,
daf0b154-26df-4241-acf9-cebcbcd5b569,legal.vodka,premium,47.2,29.5,high,medium,5,namesilo,,,22/08/2026 22:52
8a7f5c8f-9372-4025-9037-e1ddcb62e7b1,legal.fail,resell,,,high,medium,5,101domain GRS Limited,09/03/2019 19:46,09/03/2027 19:46,26/09/2026 07:11
32e994c2-b768-4658-bff7-13b7a604b9c3,law.gripe,premium,85.8,85.8,high,medium,3,namecheap,,,
e968e5cb-deb2-4a5f-a71f-f7004cc8c855,law.news,premium,1300,1300,high,medium,3,namecheap,,,
169c5d5f-5427-4dba-b734-99135cec35b8,legal.casino,resell,,,high,medium,5,"Spaceship, Inc.",07/02/2025 15:15,07/02/2027 15:15,26/09/2026 07:11
beb2121b-6b20-4312-b612-2e021fc021de,law.lifestyle,premium,650,1300,high,medium,3,namecheap,,,
28cfa8f2-aaa9-4c3e-9b5d-33d3f6f63185,legal.app,resell,,,high,medium,5,"Montenegro Domains, LLC",05/05/2018 16:00,05/05/2027 16:00,26/09/2026 07:11
b7b6d960-b654-4396-851d-c0966dac800e,legal.lease,premium,118.8,118.8,high,medium,5,namesilo,,,22/08/2026 22:52
064af6bd-54df-4cb2-9605-781a66f2b0a6,legal.website,premium,6250,12500,high,medium,5,name.com,,,22/08/2026 22:52
fde4cb01-9ed7-419c-b8d2-7453981e63c5,legal.love,premium,7000,10000,high,medium,5,name.com,,,22/08/2026 22:52
a2da437e-eeed-4275-8177-1594b927dee2,law.icu,premium,186.88,747.5,high,medium,3,namecheap,,,
8b6ec6e4-8b29-4706-89c0-54c7f2df396c,law.tattoo,premium,116,116,high,medium,3,namesilo,,,
79556701-8894-48da-82b6-c147f849d48c,law.ltda,available,34.99,34.99,high,medium,3,namesilo,,,
67d6a7c3-2413-4816-8aa0-7b1cfe3c29c4,legal.melbourne,premium,58,58,high,medium,5,namesilo,,,22/08/2026 22:52
30aed50b-a4ad-4a3c-b281-9d78770bee81,legal.sale,premium,500,500,high,medium,5,name.com,,,22/08/2026 22:52
848f0dd0-f59b-4e20-a3d0-b3e56761a22e,legal.ski,available,39.99,86.99,high,medium,5,name.com,,,22/08/2026 22:52
b7491253-f9c0-425d-9531-89d45013b2b1,legal.pizza,available,5.98,83.98,high,medium,5,namecheap,,,22/08/2026 22:52
ddbae064-e8bc-41fe-8e44-d34aae2acf55,law.college,premium,65000,65000,high,medium,3,namecheap,,,
8d744794-cca3-48e7-9206-ddd9858398f5,law.investments,premium,128.7,128.7,high,medium,3,namecheap,,,
c298be7d-d8f6-499d-a4e6-0b09b4cd6e51,law.eco,premium,9375,,high,medium,3,name.com,,,
306645e6-b646-4e95-8bd4-0e07baecf749,law.locker,premium,6500,58.5,high,medium,3,namecheap,,,
1ff2c061-fe9f-4c85-a6d3-55b1bc827026,legal.voting,available,1398,1448,high,medium,5,namecheap,,,27/09/2026 06:54
a7eb7f91-8f2b-43aa-98eb-d68e20c86553,legal.channel,premium,623.75,623.75,high,medium,5,name.com,,,22/08/2026 22:52
ede1fc7c-f170-447f-a869-331b8271b368,law.reise,available,27.89,97.99,high,medium,3,namesilo,,,
cd95ad43-28b4-4049-885b-05aa51bfbef5,law.bargains,premium,260,260,high,medium,3,namecheap,,,
1e3bcfb0-59e5-4f91-b79e-91f4484b5359,legal.rehab,premium,242,242,high,medium,5,namesilo,,,22/08/2026 22:52
d44ac069-4ab9-485e-8163-b17ba71a6bc2,legal.ngo,premium,625,312.5,high,medium,5,name.com,,,22/08/2026 22:52
2a889d84-7486-4023-99bd-80d3534a10f1,legal.bingo,available,14.99,77.99,high,medium,5,name.com,,,22/08/2026 22:52
0289b262-e2c5-4cd6-b06e-388b61274889,legal.online,premium,3125,12500,high,medium,5,name.com,,,
abeeed01-f102-4cfd-8d54-824c1c33d257,legal.deals,premium,242,242,high,medium,5,namesilo,,,22/08/2026 22:52
099e5de7-0e3b-489d-9928-50d1e2b6b324,law.press,premium,1950,3900,high,medium,3,namecheap,,,
eacda425-d37b-4e19-9f9c-c0daba303158,law.prof,premium,1688.7,1688.7,high,medium,3,namecheap,,,
022d7191-5fbd-4d37-8459-f7a4c3d61c8f,law.sexy,premium,32500,32500,high,medium,3,namecheap,,,
4ccecb5f-a540-463f-8105-5f8b919c448e,legal.express,resell,,,high,medium,5,"Spaceship, Inc.",20/11/2016 02:39,20/11/2026 02:39,26/09/2026 07:11
ee4b2efc-5f89-4e11-b4f9-22699e044bca,law.maison,premium,128.7,128.7,high,medium,3,namecheap,,,
1330ef37-279c-4693-bfe3-dafb07da0cda,law.gold,resell,,,high,medium,3,"DNSPod, Inc.",30/03/2019 17:06,30/03/2027 17:06,26/09/2026 07:09
7173fab0-f0f3-4a88-8550-429d2ba89a9e,legal.family,premium,242,242,high,medium,5,namesilo,,,22/08/2026 22:52
0ec35a71-3dc4-4c1f-8683-eef1279beee2,law.gifts,premium,85.8,85.8,high,medium,3,namecheap,,,
5d78a650-22ca-4359-b55f-2b670373b358,law.directory,resell,,,high,medium,3,"Global Domains International, Inc. DBA DomainCostClub.com",16/02/2014 16:00,16/02/2028 16:00,26/09/2026 07:09
02883920-bcbb-4cb8-a587-52982f34bdf6,legal.management,premium,78.54,78.54,high,medium,5,namesilo,,,22/08/2026 22:52
7be4d5f0-7a82-4340-864f-8bf3eb6eba51,legal.rest,premium,393.75,562.5,high,medium,5,name.com,,,22/08/2026 22:52
69cfd3bd-3030-40ec-85d9-95c6f9c8df58,law.game,premium,1690,1690,high,medium,3,namecheap,,,
6216fac4-2a22-4e13-af1e-8722a62f61e3,legal.co,resell,,,high,medium,5,"GoDaddy.com, LLC",24/02/2010 23:18,23/02/2027 23:59,26/09/2026 07:11
31d320a6-10a5-4c0e-9b4a-f9603f60f226,law.free,premium,3250,3250,high,medium,3,namecheap,,,
31f072fa-51a5-4e77-9a4c-460907e01325,law.reviews,premium,1040,1040,high,medium,3,namecheap,,,
a9fbb781-79ad-478e-8465-1e73d3591be8,legal.delivery,available,2.98,79.98,high,medium,5,namecheap,,,22/08/2026 22:52
6f3584c3-3904-4f91-847b-e7b90a85c576,law.vin,resell,,,high,medium,3,"Chengdu West Dimension Digital Technology Co., Ltd.",25/01/2017 10:14,25/01/2027 10:14,26/09/2026 07:09
4d9c77aa-39f5-4f91-ad3b-ee647c74b19e,legal.hockey,available,14.99,77.99,high,medium,5,name.com,,,22/08/2026 22:52
6e7e3429-0d8c-4407-a6c2-17061939b4ab,law.buzz,premium,10068.25,,high,medium,3,name.com,,,
c1ba6477-b13d-4d60-be93-c3b581bef213,legal.theatre,available,509.99,529.99,high,medium,5,namesilo,,,22/08/2026 22:52
9e2b1ec7-9306-4a97-8b60-9e4a677e8388,law.supplies,premium,260,260,high,medium,3,namecheap,,,
31917592-ae52-4bf9-b2bb-e7108984be5b,legal.food,premium,91,130,high,medium,5,namecheap,,,22/08/2026 22:52
177ae634-8afd-4784-a0bc-785ffe66fb1d,legal.sexy,premium,12500,12500,high,medium,5,name.com,,,22/08/2026 22:52
2696383a-de53-4efc-b89f-e2082543d470,legal.tips,resell,,,high,medium,5,"GoDaddy.com, LLC",23/02/2014 16:00,23/02/2027 16:00,26/09/2026 07:11
8f2eaf93-00ec-468d-bbbf-7e13c1fb593c,law.diy,premium,650,1300,high,medium,3,namecheap,,,
5134f076-dba6-4058-82dc-0270e44322f9,legal.supplies,premium,242,242,high,medium,5,namesilo,,,22/08/2026 22:52
3a7235ae-3f8c-4232-bf22-37cafe084e49,legal.organic,available,19.99,73.99,high,medium,5,name.com,,,22/08/2026 22:52
5dd5424e-a8ae-47d6-9115-4fe2724ba047,law.vodka,premium,104,31.2,high,medium,3,namecheap,,,
da2faa09-83e6-486d-8417-90be14795e5d,law.property,available,,,high,medium,3,,,,
72c3815b-fbf1-42ce-971c-ab2a3aafd0ab,law.sarl,premium,42.9,42.9,high,medium,3,namecheap,,,
23266a57-887a-40bf-885e-df211080996c,law.flights,premium,128.7,128.7,high,medium,3,namecheap,,,
de17fa65-f687-48bb-8ffe-c260cf25ad0c,law.vacations,premium,128.7,128.7,high,medium,3,namecheap,,,
1d71c549-dadb-4c76-beb8-b83980974d1b,law.surgery,premium,128.7,128.7,high,medium,3,namecheap,,,
8dcf9828-77f0-4da3-b122-b050082fcc3e,law.hosting,available,309.99,329.99,high,medium,3,namesilo,,,
375d9b37-7367-4093-9ec3-52f2500139fd,legal.viajes,available,37.99,37.99,high,medium,5,namesilo,,,22/08/2026 22:52
fc8f77a0-3f05-410f-b76a-e143e88ca687,legal.industries,premium,118.8,118.8,high,medium,5,namesilo,,,22/08/2026 22:52
263f6be8-2720-42ea-9642-447abcde0cd5,law.show,resell,,,high,medium,3,"DNSPod, Inc.",15/10/2020 12:05,15/10/2030 12:05,26/09/2026 07:09
402d1117-5096-4ea1-8a40-906a8481d216,legal.immobilien,available,14.99,48.99,high,medium,5,name.com,,,22/08/2026 22:52
3c160b01-8db8-472b-88a2-8adfd1453db1,legal.game,premium,1625,1625,high,medium,5,name.com,,,22/08/2026 22:52
0c96db15-e7be-4177-87e3-7ca5e2105046,legal.pro,available,,,high,medium,5,,,,
39f2099d-1db0-4487-8ce9-866eeff26e9f,law.company,resell,,,high,medium,3,"GoDaddy.com, LLC",24/06/2015 19:33,24/06/2027 19:33,26/09/2026 07:09
aceace7e-38c5-40ec-8bc8-d6591f457d01,legal.free,premium,625,625,high,medium,5,name.com,,,22/08/2026 22:52
fb5ece5e-dfab-467d-9886-95641f972f1a,law.software,premium,520,520,high,medium,3,namecheap,,,
fdf9ebcf-852a-4a75-af23-251742e79482,legal.bayern,available,34.99,34.99,high,medium,5,namesilo,,,22/08/2026 22:52
049fdadb-66e9-4b14-8807-4d1dc2b49927,legal.show,resell,,,high,medium,5,"DNSPod, Inc.",23/12/2022 15:15,23/12/2026 15:15,26/09/2026 07:11
445549f5-280a-4bfc-937c-0433d4bd94af,law.singles,available,12.99,,high,medium,3,name.com,,,
d5fba96e-79e5-4273-8cd5-20bb1b0afdfd,law.phd,premium,1688.7,1688.7,high,medium,3,namecheap,,,
ee10d7ad-cd00-4490-965a-d9a6b0378ff0,law.online,premium,3125,12500,high,medium,3,name.com,,,
bd196a68-01b2-454f-a2ac-cfc75dec2e29,legal.charity,premium,242,242,high,medium,5,namesilo,,,22/08/2026 22:52
05d9cef2-36bd-4643-a9d9-5eee8c75ef63,legal.coupons,available,2.98,59.98,high,medium,5,namecheap,,,22/08/2026 22:52
f456903c-1da1-4a79-9484-4747fd2f7780,law.properties,premium,260,260,high,medium,3,namecheap,,,
6477abf6-1d06-432d-af4c-05144470e4bb,law.gay,premium,2400,2400,high,medium,3,namecheap,,,
f0c7c06e-3e58-4c00-9863-5e5e88340941,legal.equipment,available,19.99,41.99,high,medium,5,name.com,,,22/08/2026 22:52
77af5bd9-f353-405c-8f1b-cd559f94214c,law.berlin,resell,3643.9,3643.9,high,medium,3,namecheap,31/03/2026 08:11,31/03/2027 08:11,26/09/2026 07:09
9502987b-cfb5-49f9-9e15-e85a1b0250ac,legal.expert,premium,854,854,high,medium,5,namesilo,,,22/08/2026 22:52
273eefd5-ec4a-4210-aae6-ba6a54cc0bdf,legal.gay,premium,812.5,812.5,high,medium,5,name.com,,,22/08/2026 22:52
2dbc1501-e4ac-416c-a703-fea834a97d21,law.makeup,premium,2600,15.73,high,medium,3,namecheap,,,
2e6d3aee-c02b-4d9c-81fc-890d40521de5,legal.club,resell,,,high,medium,5,"GoDaddy.com, LLC",26/01/2017 14:25,25/01/2027 23:59,26/09/2026 07:11
a1818d9e-ce5b-41ea-a240-76c7219ade1b,law.dating,premium,128.7,128.7,high,medium,3,namecheap,,,
9603f2fa-2d1a-4bfa-bd7a-0525e05eee51,legal.car,available,1999.99,2199,high,medium,5,namesilo,,,22/08/2026 22:52
8f0a1eaf-06e3-41cb-874c-0f8e0d257894,law.dental,available,59.98,,high,medium,3,namecheap,,,
bcfa45d5-97fd-4c03-9421-d4c2f7ceafda,law.contractors,premium,128.7,128.7,high,medium,3,namecheap,,,
f9ed6e3f-9134-4c92-a9e6-65b5d4e49393,law.motorcycles,premium,845,15.73,high,medium,3,namecheap,,,
84c5f18e-1fed-4e3e-aa31-0615370f336a,law.exposed,premium,260,260,high,medium,3,namecheap,,,
049a97a9-93a9-49ab-b676-663810a065dc,law.clinic,premium,1040,1040,high,medium,3,namecheap,,,
e0958f64-d8f6-4339-a9ad-27a931bbe987,law.vet,premium,780,780,high,medium,3,namecheap,,,
7d69edec-a7c2-4548-833d-eb545bb08b5b,legal.eco,premium,4375,113.99,high,medium,5,name.com,,,22/08/2026 22:52
0134aeea-7723-4b39-90e9-b6394265c082,law.poker,premium,85.8,85.8,high,medium,3,namecheap,,,
c3e4579e-8438-49ba-a745-341203235af9,legal.contractors,premium,242,242,high,medium,5,namesilo,,,22/08/2026 22:52
781c7b2d-d494-4149-97fe-cbe2ee672a72,legal.bar,premium,1968.75,2812.5,high,medium,5,name.com,,,22/08/2026 22:52
d909236d-32a1-40db-9f07-28bcae601896,legal.press,premium,3125,6250,high,medium,5,name.com,,,22/08/2026 22:52
b074200a-65ba-4846-bcd5-23f943ec70a2,law.party,premium,650,84.5,high,medium,3,namecheap,,,
eddb3754-5d0b-4813-81ac-cf8a0d88ff33,law.catering,premium,128.7,128.7,high,medium,3,namecheap,,,
6a4e04fe-de83-4353-b07d-7ce1a7c3e52d,legal.broker,resell,,,high,medium,5,Porkbun LLC,13/03/2017 19:56,13/03/2027 23:59,26/09/2026 07:11
8b49d05c-91ae-4745-a5e4-396ead1705b7,law.holdings,available,64.99,64.99,high,medium,3,namesilo,,,
0c91e11a-ff6c-4784-b124-f81e78ebeab0,legal.restaurant,available,11.98,81.98,high,medium,5,namecheap,,,22/08/2026 22:52
87075d2b-f128-4449-b8ce-24c9338fa9fe,legal.supply,premium,78.54,78.54,high,medium,5,namesilo,,,22/08/2026 22:52
e8a28822-3ffe-42f5-a683-85ea082cb728,law.jewelry,available,19.99,,high,medium,3,name.com,,,
fd117c1d-de29-454c-b5ce-118fa4e125f6,law.voyage,available,9.99,,high,medium,3,name.com,,,
35204caf-0d63-40c4-a25f-f0dbf5b1c6b9,law.im,available,,,high,medium,3,,,,
7ab69454-bba1-4116-bde3-b928531759f0,law.schule,available,19.99,,high,medium,3,name.com,,,
99292141-a849-40f8-8822-e4fe602d7fff,law.gallery,premium,85.8,85.8,high,medium,3,namecheap,,,
0b002935-c701-4178-9014-dbadf5421a7b,legal.tickets,available,359.99,389.99,high,medium,5,namesilo,,,22/08/2026 22:52
7f480f04-1ba2-4982-954b-c34ff50a06f9,legal.condos,premium,118.8,118.8,high,medium,5,namesilo,,,22/08/2026 22:52
0fc394a9-4efc-4570-86f5-9a9a5843ed9a,law.boston,resell,,,high,medium,3,"NameCheap, Inc.",24/11/2021 04:23,24/11/2026 04:23,26/09/2026 07:09
4033f302-8936-4319-90f4-ace064baa24a,law.tips,premium,128.7,128.7,high,medium,3,namecheap,,,
57cb87a2-c838-4640-9b36-e39f14632caf,legal.promo,premium,625,625,high,medium,5,name.com,,,22/08/2026 22:52
96d3adf6-67b5-4cad-a9a8-013415688bdf,legal.foo,premium,623.75,623.75,high,medium,5,name.com,,,22/08/2026 22:52
951dd080-964d-4467-8f43-ae6161df68e5,legal.store,premium,1562.5,6250,high,medium,5,name.com,,,22/08/2026 22:52
84ba7636-b93a-4a08-ac63-269229413bc3,legal.soccer,available,19.99,37.99,high,medium,5,name.com,,,22/08/2026 22:52
e4ec901c-bcbc-43dd-bb1f-7b9aa50a5c07,law.talk,premium,650,650,high,medium,3,namecheap,,,
4e088f9a-377c-4ba4-8732-f2f7181df75b,legal.parts,premium,78.54,78.54,high,medium,5,namesilo,,,22/08/2026 22:52
1d73ae9b-6c81-44b7-9354-299088cfc380,legal.blog,premium,1582.5,6250,high,medium,5,name.com,,,22/08/2026 22:52
93e7d1ce-6973-4a02-ab57-a669e09b6882,legal.film,premium,1107,1107,high,medium,5,namesilo,,,22/08/2026 22:52
e9f17aa6-154a-44ca-8991-ee320f8b75d3,law.cv,premium,1301.53,87.75,high,medium,3,namecheap,,,
f766f89a-8508-4627-a0cb-794beb03cdac,law.cooking,premium,52,31.2,high,medium,3,namecheap,,,
5e4fe4c4-2fed-4d0f-b95c-39d72feab065,law.soccer,premium,42.9,42.9,high,medium,3,namecheap,,,
f8e5978e-a0f7-407d-a802-71688faf5622,legal.voyage,available,9.99,83.99,high,medium,5,name.com,,,22/08/2026 22:52
b91e7073-aa40-428b-90d8-69401318cc71,legal.tennis,available,65.99,65.99,high,medium,5,namesilo,,,22/08/2026 22:52
1365b983-ea6b-4e97-998d-09790565cf6e,law.living,premium,650,1300,high,medium,3,namecheap,,,
94f70564-83c4-49f5-a962-83152a3cdfe3,legal.gifts,premium,78.54,78.54,high,medium,5,namesilo,,,22/08/2026 22:52
6420b5eb-3bf5-4e92-b921-850bde5aa5ac,law.forex,available,19.99,,high,medium,3,name.com,,,
f90884e7-3a23-4de1-b2f7-1b98b7d89943,law.build,premium,1950,1950,high,medium,3,namecheap,,,
705aada0-cb19-4f42-b674-92641bcaf8c4,law.codes,premium,260,260,high,medium,3,namecheap,,,
74506781-7332-4d06-8b2f-f4e03b6c3005,law.mortgage,premium,260,260,high,medium,3,namecheap,,,
aa63ce8a-4524-427a-8615-32fd663d3893,law.melbourne,premium,8633.82,8633.82,high,medium,3,namecheap,,,
c40f777b-1803-49ec-bc7e-eabdf7a5636d,law.archi,available,24.99,,high,medium,3,name.com,,,
f2171d8b-7d35-44ca-88ab-a7575ea2b084,legal.mortgage,premium,242,242,high,medium,5,namesilo,,,22/08/2026 22:52
aaff4098-454a-4e4f-bcd8-009de67d5d9f,legal.cab,available,23.99,43.99,high,medium,5,name.com,,,22/08/2026 22:52
07192d6c-47ea-4021-8770-bd041138c0af,law.expert,premium,1040,1040,high,medium,3,namecheap,,,
06ead25c-2f8c-4ea4-8a3a-172e6ec82c78,law.casino,resell,,,high,medium,3,"GoDaddy.com, LLC",16/09/2024 17:00,16/09/2027 17:00,26/09/2026 07:09
b009aecb-8dec-4d65-bd31-97d2b6edf71b,law.camera,available,21.99,,high,medium,3,name.com,,,
67f67b3f-89b0-463c-a46d-3b5f21b5aad7,law.kids,premium,390,23.4,high,medium,3,namecheap,,,
2682c76d-9cd1-4d4d-a763-576b5749c5b8,legal.city,resell,,,high,medium,5,"Chengdu West Dimension Digital Technology Co., Ltd.",26/06/2018 23:20,26/06/2027 23:20,26/09/2026 07:11
03edd93d-7dcb-4582-bb97-035a7140a101,law.flowers,available,64.99,114.99,high,medium,3,namesilo,,,
2340a621-8731-405d-a90f-0d5d1901956f,law.green,premium,650,650,high,medium,3,namecheap,,,
3edb75e2-273d-4d26-88ae-5e0a26db0e3b,law.jetzt,available,9.99,,high,medium,3,name.com,,,
21ec49c1-7d99-47a6-a5e9-7c5452701c5c,legal.cheap,resell,,,high,medium,5,Porkbun LLC,19/11/2025 22:12,19/11/2026 22:12,26/09/2026 07:11
c6a33120-10fb-4c8f-a691-0fa0291e9e24,law.gift,premium,156,156,high,medium,3,namecheap,,,
2573c385-d208-43d9-85dd-346f58d8b0ce,law.lease,premium,128.7,128.7,high,medium,3,namecheap,,,
b8851a69-959d-484f-81c9-fc2c2effd338,law.financial,premium,128.7,128.7,high,medium,3,namecheap,,,
a9e0757f-0d14-40c7-b198-83c4a900cf89,law.art,available,,,high,medium,3,,,,
867a6d1c-13dc-47db-b52d-870f42abc24a,legal.auction,premium,500,500,high,medium,5,name.com,,,22/08/2026 22:52
0dab6d75-e832-4274-9b9a-a5ac56dcd621,legal.catering,premium,118.8,118.8,high,medium,5,namesilo,,,22/08/2026 22:52
947f0468-4151-4495-a6cd-7859dfedeeb9,legal.wedding,premium,96,29.5,high,medium,5,namesilo,,,22/08/2026 22:52
3a0581d7-c595-4ce6-ab2e-715945887673,law.agency,resell,,,high,medium,3,"eNom, LLC",28/04/2014 02:56,28/04/2027 02:56,26/09/2026 07:09
b3274f12-ce20-432b-a1df-f34e5aa54726,law.furniture,available,39.99,,high,medium,3,name.com,,,
98cc4132-53b3-4167-bfdb-ff24edd1cb8d,law.moda,available,19.99,,high,medium,3,name.com,,,
e0cd063a-68d9-4c18-9c83-dded4292553b,law.new,available,549.99,,high,medium,3,name.com,,,
b83a53de-abc0-4dd4-b161-16dc1fd8182b,legal.town,premium,118.8,118.8,high,medium,5,namesilo,,,22/08/2026 22:52
f61e74b3-6ca0-4994-9591-78aec947cd99,law.download,premium,650,84.5,high,medium,3,namecheap,,,
dfce171b-d55d-4f58-b228-6b0c99535ac5,legal.archi,available,14.98,132.98,high,medium,5,namecheap,,,22/08/2026 22:52
d6711f8b-067d-4417-bbb9-fb2b74eb3290,law.click,resell,,,high,medium,3,"Spaceship, Inc.",20/02/2020 16:36,20/02/2030 16:36,26/09/2026 07:09
0d355573-277a-4ce5-8fcd-dbeccceb842c,legal.dating,premium,118.8,118.8,high,medium,5,namesilo,,,22/08/2026 22:52
cefefe04-8d05-4664-8a8f-11cb2da4bc13,law.pictures,premium,16.9,16.9,high,medium,3,namecheap,,,
85d97f42-8a6c-4eab-9c1c-59d071827caa,legal.tires,available,5.99,78.99,high,medium,5,namesilo,,,22/08/2026 22:52
a2149314-f3e0-4005-b55b-fc3a6bb0fc93,law.audio,available,104.99,114.99,high,medium,3,namesilo,,,
e7e6b7d6-107f-44fa-a6a4-b12fd77e4842,law.barcelona,available,38.98,,high,medium,3,namecheap,,,
8dc66159-41b1-4116-a736-9cc4b9b0afbd,law.tickets,available,359.99,389.99,high,medium,3,namesilo,,,
a941d01a-7015-44e1-ad83-080ba24ff6c8,law.football,premium,128.7,128.7,high,medium,3,namecheap,,,
5440303a-8cc1-4ed6-814e-67caecfac3a7,law.you,premium,650,650,high,medium,3,namecheap,,,
986aaac8-a7bb-4353-9591-16758cd2c054,legal.desi,available,19.98,22.98,high,medium,5,namecheap,,,22/08/2026 22:52
4ba9fd60-c93a-46d2-a5a8-9597a574369a,legal.hiv,available,184.99,184.99,high,medium,5,name.com,,,22/08/2026 22:52
65381f06-7e8a-41b5-8e14-e0976614088d,law.realty,premium,4550,6500,high,medium,3,namecheap,,,
7137f48c-c1df-4979-963e-958f86e3c2b3,legal.photos,available,8.98,40.98,high,medium,5,namecheap,,,22/08/2026 22:52
64a67817-9c3f-44db-a53f-dffb0ca3e261,law.vana,available,2498,,high,medium,3,namecheap,,,
385d3d36-430d-411a-9d4a-79eab5546035,legal.construction,available,15.99,50.99,high,medium,5,name.com,,,22/08/2026 22:52
02091787-b155-4e96-85b3-09ab743a6592,law.navy,available,41.99,41.99,high,medium,3,namesilo,,,
c4d06947-f7db-4f91-a5dc-053e2fc441f7,law.theatre,available,509.99,529.99,high,medium,3,namesilo,,,
30b12ff6-d4d1-4195-8fe6-22553f5c37b1,law.site,available,,,high,medium,3,,,,
7f38bf26-6f67-4150-b67b-79d18071879b,legal.lifestyle,premium,91,130,high,medium,5,namecheap,,,22/08/2026 22:52
4e651808-ee8b-4ff4-bb73-b55c95b87ee4,legal.vote,resell,,,high,medium,5,"GoDaddy.com, LLC",26/06/2026 12:05,26/06/2027 12:05,26/09/2026 07:11
a2a97dc9-29d8-4862-bc31-22ca68ab43cf,law.mobi,resell,,,high,medium,3,"GoDaddy.com, LLC",11/05/2006 22:14,11/05/2027 22:14,26/09/2026 07:09
4a5b39dd-702f-4626-813c-500c4e0be85d,legal.rentals,premium,242,242,high,medium,5,namesilo,,,22/08/2026 22:52
e5f5f36d-6abb-4ad0-b165-0f00b2fef46f,law.wedding,premium,520,31.2,high,medium,3,namecheap,,,
e4d68b53-a894-4f82-b76c-1da308600e6b,legal.glass,available,72.99,72.99,high,medium,5,namesilo,,,22/08/2026 22:52
75cadf0b-9b75-4f64-9960-1cfb3cb4411f,law.blackfriday,premium,390,390,high,medium,3,namecheap,,,
efb77725-33b3-4986-8b26-ec9aa0a74b41,legal.fitness,premium,78.54,78.54,high,medium,5,namesilo,,,22/08/2026 22:52
7e772918-d8f9-43e0-8c05-d3dc9e6654a4,law.hamburg,available,59.99,,high,medium,3,name.com,,,
ccc79dd7-296a-4eba-83e7-85199e4f04c3,legal.cars,available,1999.99,2199,high,medium,5,namesilo,,,22/08/2026 22:52
7640e018-57fd-48d3-acd7-f2075d867faf,law.yachts,premium,845,15.73,high,medium,3,namecheap,,,
b5c268d8-4e37-430e-8956-57882d4004e4,law.shiksha,premium,3900,3900,high,medium,3,namecheap,,,
47885dc1-a72b-4a12-998e-04eaf52bd08d,legal.zip,premium,623.75,623.75,high,medium,5,name.com,,,22/08/2026 22:52
e7a6edfc-c5a7-46ae-a528-637d111b90c7,law.farm,resell,,,high,medium,3,"Global Domains International, Inc. DBA DomainCostClub.com",22/02/2022 16:37,22/02/2027 16:37,26/09/2026 07:09
27834172-7f70-4871-9732-fd2d56e46221,legal.xyz,resell,,,high,medium,5,Atom.com Domains LLC,16/06/2019 20:23,16/06/2027 23:59,26/09/2026 07:11
6f931951-b40c-4815-8faf-313e0cb351a3,legal.pink,available,6.48,31.48,high,medium,5,namecheap,,,22/08/2026 22:52
6bb4e586-6b61-49e4-81f9-581ff2771e44,law.limited,premium,128.7,128.7,high,medium,3,namecheap,,,
60e59ff5-3e03-4c34-a2f3-d6d1c9f4728c,legal.jewelry,available,19.99,84.99,high,medium,5,name.com,,,22/08/2026 22:52
8fa7e3f4-b35b-4d30-83ce-b6abdfe932e1,law.rest,premium,292.5,585,high,medium,3,namecheap,,,
335a4785-9c6d-43d6-b309-21eed0a15338,legal.dental,available,78.99,78.99,high,medium,5,namesilo,,,22/08/2026 22:52
34468e64-8026-4dc3-ad36-bd9e860dc9c5,legal.singles,available,3.98,36.98,high,medium,5,namecheap,,,22/08/2026 22:52
7c89102a-bb3d-49c1-b076-85f588eb1051,legal.movie,available,40.98,446.98,high,medium,5,namecheap,,,22/08/2026 22:52
d052badb-d376-470b-a0a0-eed174d47d21,legal.vacations,available,9.99,50.99,high,medium,5,name.com,,,22/08/2026 22:52
9a677a7d-c6e3-44be-9649-9da87e2505c3,law.homes,premium,845,15.73,high,medium,3,namecheap,,,
ab4f37ac-071e-4e20-b0e9-6696329b3d1b,legal.vana,available,2298,2498,high,medium,5,namecheap,,,22/08/2026 22:52
f0b1d45d-af03-4116-9b7a-2cb88586e09f,law.blue,premium,1300,1300,high,medium,3,namecheap,,,
b6913c4a-15e0-4b58-a70d-798b0c546eab,law.mobile,premium,2500,,high,medium,3,name.com,,,
a463d9b3-d4a6-456d-a8a5-2b369f2988ab,legal.cam,premium,500,29.99,high,medium,5,name.com,,,22/08/2026 22:52
80d6ad0a-c564-420a-a5db-6928fc531f85,legal.barcelona,available,38.98,38.98,high,medium,5,namecheap,,,22/08/2026 22:52
894beec3-3d37-4e4a-830b-b20a706d9894,law.sale,premium,520,520,high,medium,3,namecheap,,,
bfc7c349-8435-410d-893d-4014f4f22be2,law.limo,available,19.99,,high,medium,3,name.com,,,
7d585245-e9bc-45a3-97c6-3cb72a95b140,legal.tools,resell,,,high,medium,5,Dynadot Inc,31/01/2026 02:03,31/01/2027 02:03,26/09/2026 07:11
779d4678-a6e8-4c47-aa40-bba2199718c6,legal.memorial,available,52.99,52.99,high,medium,5,namesilo,,,22/08/2026 22:52
cda93c9c-dd52-41ff-9930-f763cfde8b95,legal.irish,available,5.98,31.98,high,medium,5,namecheap,,,22/08/2026 22:52
ee1a8d13-5594-43a4-8e5e-df2f9a1f12f8,law.food,premium,650,1300,high,medium,3,namecheap,,,
858bd53a-21d3-4747-a286-0f6c3c67c9d0,legal.prof,premium,811.25,811.25,high,medium,5,name.com,,,22/08/2026 22:52
1f7507eb-c671-4c8b-8c44-dd92cf58ccca,legal.day,premium,623.75,623.75,high,medium,5,name.com,,,22/08/2026 22:52
d8cfb9f3-ccbb-478a-a6c3-e05f5a8daece,law.fans,premium,390,390,high,medium,3,namecheap,,,
3fb85c9f-50a3-48ec-aa08-64a5ed69a389,law.ceo,premium,518.96,518.96,high,medium,3,namecheap,,,
2eacf177-f0bb-4a2f-b6ee-62f11a7817c5,law.rehab,premium,260,260,high,medium,3,namecheap,,,
0825ed25-1fb3-424d-a388-25335d2fddb7,legal.trading,premium,250,250,high,medium,5,name.com,,,22/08/2026 22:52
9829ba67-08cb-4c38-a643-783d2050b84e,legal.florist,available,14.99,46.99,high,medium,5,name.com,,,22/08/2026 22:52
7412fa50-67b4-4b17-a083-cfd4413b86ff,law.glass,available,72.99,72.99,high,medium,3,namesilo,,,
ea138cd0-4169-412d-a8d7-ed264a4d2fe2,legal.schule,available,19.99,41.99,high,medium,5,name.com,,,22/08/2026 22:52
a07cff20-d9e6-49d6-a36d-fe9eadc199b3,legal.deal,premium,625,625,high,medium,5,name.com,,,22/08/2026 22:52
a3848da4-0722-4adb-ad51-1802dcad5500,legal.vip,resell,,,high,medium,5,"Chengdu West Dimension Digital Technology Co., Ltd.",10/02/2018 12:35,10/02/2027 12:35,26/09/2026 07:11
8db1ab54-4be1-48b0-8ca4-9cb75157bd76,law.mom,premium,845,845,high,medium,3,namecheap,,,
df970a83-478b-4d06-a52b-901e510829de,legal.repair,available,5.98,47.48,high,medium,5,namecheap,,,22/08/2026 22:52
304d0bc8-a64b-4161-b086-8266c201f0d0,legal.phd,premium,811.25,811.25,high,medium,5,name.com,,,22/08/2026 22:52
de6ed6b6-b6c8-4ebf-a528-7b696746de1d,legal.cloud,premium,2600,13000,high,medium,5,namecheap,,,22/08/2026 22:52
dba1e125-d5b6-4eac-913a-3dbe5e378e37,legal.recipes,available,5.48,95.98,high,medium,5,namecheap,,,22/08/2026 22:52
57e58859-c67e-4ce7-9cc3-0645c89c782c,law.graphics,premium,128.7,128.7,high,medium,3,namecheap,,,
f4a93255-a0fa-4887-b94d-3f056be5fccb,legal.cfd,premium,384,768,high,medium,5,namesilo,,,22/08/2026 22:52
217aa433-dccf-46f8-80cc-1092ce2a5271,legal.meme,premium,812.5,812.5,high,medium,5,name.com,,,22/08/2026 22:52
d9625013-35e7-4a32-a2b8-968fead99ec7,law.london,premium,6929.57,34.65,high,medium,3,namecheap,,,
046188da-341d-4973-8f4c-dae54f82d1e9,legal.fit,premium,47.2,29.5,high,medium,5,namesilo,,,22/08/2026 22:52
fc26110e-f978-4a10-b3a2-d62f4bcee444,legal.navy,available,41.99,41.99,high,medium,5,namesilo,,,22/08/2026 22:52
143244e2-a46b-4923-9902-6ee92e0bb904,law.rocks,premium,85.8,85.8,high,medium,3,namecheap,,,
427c70e5-c81c-4ebc-b5cb-c2b783d0d350,legal.dog,premium,500,500,high,medium,5,name.com,,,22/08/2026 22:52
8b669144-2ab4-490e-b980-a38494e42b49,law.vc,resell,,,high,medium,3,"Name.com, Inc.",15/09/2008 05:51,15/09/2027 05:51,26/09/2026 07:09
08f9ce5f-b3d8-48fc-88e6-58fc195eb174,law.cheap,premium,128.7,128.7,high,medium,3,namecheap,,,
59fe63d3-1d4a-4f70-9ef7-6ec67ffc39fc,legal.airforce,available,103.99,103.99,high,medium,5,namesilo,,,22/08/2026 22:52
23f1c8a4-2d40-463b-8902-e708443c77ba,law.airforce,available,103.99,103.99,high,medium,3,namesilo,,,
ef74acf0-f464-46f0-8079-d98b628a65f4,legal.kaufen,available,5.99,26.99,high,medium,5,namesilo,,,22/08/2026 22:52
f0dcf7b0-3ed9-4ff2-88d6-6a2c20f484fe,legal.toys,available,14.98,82.48,high,medium,5,namecheap,,,22/08/2026 22:52
068a8f27-ae82-4ffe-a7a6-f64770f3bb99,legal.maison,available,24.99,83.99,high,medium,5,name.com,,,22/08/2026 22:52
a9eb2064-3950-41bd-af6d-df15dd205e02,law.auto,available,1999.99,2199,high,medium,3,namesilo,,,
89adf64b-5f15-4ca4-950b-f52862cc213f,legal.shoes,available,34.98,81.98,high,medium,5,namecheap,,,22/08/2026 22:52
14f30464-0491-4669-9518-96cb6ad173d7,legal.auto,available,1999.99,2199,high,medium,5,namesilo,,,22/08/2026 22:52
28de3f55-15a3-4325-8c28-51873b5fc8a5,law.salon,available,14.99,,high,medium,3,name.com,,,
724f9e5a-94ed-4d78-ac0c-bdbf82f4730a,law.consulting,available,,,high,medium,3,,,,
f112d7e9-a99c-429f-b469-4bf9172ac937,law.photo,premium,130,130,high,medium,3,namecheap,,,
baa62786-4b98-4d2f-a338-7a1fcb9db347,law.forsale,premium,520,520,high,medium,3,namecheap,,,
9b92a17c-dec5-4456-87bc-03466b3bfdc8,legal.security,available,1999.99,2049.99,high,medium,5,namesilo,,,22/08/2026 22:52
4b279a02-0850-4edf-853a-64c14ea657ec,legal.flights,premium,78.54,78.54,high,medium,5,namesilo,,,22/08/2026 22:52
319ec34a-97b4-4819-976e-1866ac0ed43c,legal.rip,available,7.99,29.99,high,medium,5,name.com,,,22/08/2026 22:52
21396fcd-47e2-41b7-94ec-1724a55b4660,law.app,resell,,,high,medium,3,"Global Domains International, Inc. DBA DomainCostClub.com",09/12/2024 21:07,09/12/2026 21:07,26/09/2026 07:09
c07b9833-a35c-43d0-a5a8-3b8b22aecab3,law.media,resell,,,high,medium,3,"Spaceship, Inc.",24/05/2021 08:24,24/05/2027 08:24,26/09/2026 07:09
b83313bf-fe25-40b4-b474-f4dc30a533c5,legal.clinic,resell,,,high,medium,5,"GoDaddy.com, LLC",13/08/2014 16:00,13/08/2027 16:00,26/09/2026 07:11
af18fafd-71c0-4b40-96ae-dbdc4c2d9bd1,legal.camp,resell,,,high,medium,5,"Blue Razor Domains, LLC",02/04/2014 16:00,02/04/2027 16:00,26/09/2026 07:11
33b02cdc-baae-49a0-9a56-797e8087613c,law.toys,available,19.99,,high,medium,3,name.com,,,
bfa9d434-b6bc-4caf-8e39-9ae5a1e817c3,law.viajes,available,37.99,37.99,high,medium,3,namesilo,,,
7aaa5120-2adc-4002-8cc0-3009fe52de74,law.city,resell,,,high,medium,3,"GoDaddy.com, LLC",28/03/2016 20:39,28/03/2027 20:39,26/09/2026 07:09
51074843-a1f3-4627-b55b-7056469123cc,legal.build,premium,625,625,high,medium,5,name.com,,,22/08/2026 22:52
1267dc7d-96b3-485b-a950-b6cec324d653,law.pet,premium,3250,3250,high,medium,3,namecheap,,,
050088bb-11a9-496a-8222-704df45b22b4,law.ventures,premium,520,520,high,medium,3,namecheap,,,
01eb3721-a0bc-47c4-a95c-65943253f264,law.gmbh,available,45.99,45.99,high,medium,3,namesilo,,,
cf032637-a7e2-44ef-8674-6336c7c5d0cc,law.forum,premium,195,650,high,medium,3,namecheap,,,
f66244b0-9e19-4651-9594-75f29a6fe6f4,legal.onl,premium,156.25,312.5,high,medium,5,name.com,,,22/08/2026 22:52
6c720657-c653-48c0-8e32-8e2d5d99da79,law.ong,premium,65,32.5,high,medium,3,namecheap,,,
6d463aaf-98c7-4307-80e3-444340f6c355,legal.fishing,premium,96,29.5,high,medium,5,namesilo,,,22/08/2026 22:52
5736e6cc-4c84-4f86-a3d0-c75e7694b150,law.hair,premium,2600,15.73,high,medium,3,namecheap,,,
55ffb23e-cb87-4769-9013-50ab51716cd1,law.republican,available,5.99,,high,medium,3,name.com,,,
1c6da46e-bef4-4f0e-b594-04356d31b218,law.onl,premium,325,650,high,medium,3,namecheap,,,
509e1a3e-a0d0-40dc-a9b8-7291f196a99b,law.study,premium,6500,6500,high,medium,3,namecheap,,,
444d002d-917c-4368-9c2a-241ac3af0817,legal.bargains,premium,118.8,118.8,high,medium,5,namesilo,,,22/08/2026 22:52
78bb9360-652b-4867-b591-30fa489e7f0d,legal.realty,premium,875,1250,high,medium,5,name.com,,,22/08/2026 22:52
c35af6ef-6535-46cd-b38d-a5bc04000207,law.juegos,available,478.98,,high,medium,3,namecheap,,,
a536dfca-7226-4795-b1b1-3198fe2cc088,law.loan,premium,650,84.5,high,medium,3,namecheap,,,
060dfadb-00a5-4767-821e-acf0f4812d7e,law.ca,resell,,,high,medium,3,CanSpace Solutions Inc.,25/09/2000 16:11,29/08/2027 04:00,26/09/2026 07:09
cd1b79fc-1be1-455b-912d-bd08d2d4de3d,legal.furniture,available,23.98,127.98,high,medium,5,namecheap,,,22/08/2026 22:52
dcf06308-0003-4fb8-b7e3-13a2ee7eb1b3,law.website,premium,3250,6500,high,medium,3,namecheap,,,
dcd0b052-a95e-4b6b-a1df-cf02a3def7ad,law.democrat,available,9.99,,high,medium,3,name.com,,,
2b8c9c98-a81d-4133-84f0-0a09e37db011,law.page,premium,1298.7,1298.7,high,medium,3,namecheap,,,
ae329e19-4dec-41ab-ae69-b97205181634,law.host,premium,4875,9750,high,medium,3,namecheap,,,
89d907c9-f716-44e2-a78d-84c5808c8af5,law.llc,premium,3250,3250,high,medium,3,namecheap,,,
6e954335-6f7a-403e-af71-38da5bea3cc7,legal.tours,available,5.98,81.98,high,medium,5,namecheap,,,22/08/2026 22:52
ab2d7e9c-e373-4881-92b8-52e52865d4af,law.voting,available,1448,,high,medium,3,namecheap,,,
69c6d6c2-4375-444f-943a-eb2c03382f54,legal.icu,premium,384,768,high,medium,5,namesilo,,,22/08/2026 22:52
1a2e28f0-bbc5-45ed-8f35-879618ddccc0,legal.mobi,resell,,,high,medium,5,Automattic Inc.,27/02/2021 14:30,27/02/2028 14:30,26/09/2026 07:11
71dce5d1-08bd-4bf5-ad31-6e87e4045542,law.clothing,premium,128.7,128.7,high,medium,3,namecheap,,,
388feca8-30a7-4371-b9df-5d35986c6a8b,legal.plumbing,available,14.99,94.99,high,medium,5,name.com,,,22/08/2026 22:52
aa439d7a-d995-45ac-bf41-777635aacc27,law.rodeo,premium,104,10.4,high,medium,3,namecheap,,,
213aac88-af1f-4a3d-a125-c24779a16eae,legal.forex,available,11.98,133.98,high,medium,5,namecheap,,,22/08/2026 22:52
86b0f5b8-8402-4cdb-8a7e-a26783cf7ace,law.gives,premium,128.7,128.7,high,medium,3,namecheap,,,
59a9cce2-2f58-4039-8e82-39791f2430ff,legal.moi,premium,937.5,937.5,high,medium,5,name.com,,,22/08/2026 22:52
5842a04d-f74f-474b-b1d4-e9b6adad2f9c,law.music,available,,,high,medium,3,,,,
f52a9148-5c91-4fd4-b1fd-a8e5dbbb252a,law.mov,premium,1298.7,1298.7,high,medium,3,namecheap,,,
9fe37141-8ad6-46fb-ae5a-840e5a6272b1,legal.travel,available,23.98,186.98,high,medium,5,namecheap,,,22/08/2026 22:52
fc21b743-5ae4-44c3-a26f-b5ab8c2df8e6,law.mx,resell,,,high,medium,3,Tool Domains OOD,12/07/2022 00:00,12/07/2027 00:00,26/09/2026 07:09
d3b67568-75ec-4c3e-9c2b-e2c99291c137,law.dealer,premium,2015,2600,high,medium,3,namecheap,,,
1e2377f7-20ed-49ed-b320-e492fd031fc9,law.fun,premium,812.5,3250,high,medium,3,namecheap,,,
3cc347bf-3827-42f7-87e8-7b646dc98db4,law.tires,available,5.99,78.99,high,medium,3,namesilo,,,
ec712962-8b26-4833-ae22-71357022b8d3,law.channel,premium,1248.75,,high,medium,3,name.com,,,
594da53f-028c-4098-8f39-70f3e7367daf,legal.hot,premium,625,625,high,medium,5,name.com,,,22/08/2026 22:52
ec5750ca-d1fa-459b-a5d8-031a662efcff,legal.gratis,available,23.99,23.99,high,medium,5,namesilo,,,22/08/2026 22:52
0f543249-bd3d-4640-8508-49f6c4445f43,law.meme,premium,1690,1690,high,medium,3,namecheap,,,
16d496e7-41b7-42ee-982a-c5410a33b74d,law.immo,premium,128.7,128.7,high,medium,3,namecheap,,,
fced985d-2f6a-4d4c-b57a-21c527a2247e,law.futbol,available,17.99,17.99,high,medium,3,namesilo,,,
fe92d01e-abf0-4c77-87c4-3fbe930981c0,law.store,premium,1562.5,6250,high,medium,3,name.com,,,
de5db4f8-4d1b-4d5b-80d9-a9a7bc650f8b,law.kitchen,available,83.98,,high,medium,3,namecheap,,,
7c90721c-263a-42ff-94a9-4b3ffd1f046e,law.observer,premium,1300,1300,high,medium,3,namecheap,,,
091fbed2-a549-4c79-aa8d-f5a6c2045b71,law.pw,premium,650,650,high,medium,3,namecheap,,,
36929f38-b2bd-4867-9dee-f1f161d31cee,law.protection,available,1999.99,2049.99,high,medium,3,namesilo,,,
d9bb4548-4c0b-49fb-9a33-c99cb53fcea3,law.life,resell,,,high,medium,3,"Spaceship, Inc.",29/08/2016 18:47,29/08/2027 18:47,26/09/2026 07:09
52769303-42af-4029-981b-0bdb6ec6093a,law.auction,premium,1300,1300,high,medium,3,namecheap,,,
3b134f6c-d84d-4955-8da6-4270a9722d61,law.how,available,,,high,medium,3,,,,
4664c180-b914-46bb-9f41-c27e934cc475,law.sydney,premium,8633.82,8633.82,high,medium,3,namecheap,,,
b701fae1-296e-47b8-9e3c-09ea0cf33dd4,law.pink,available,14.49,25.99,high,medium,3,namesilo,,,25/09/2026 11:31
12cbbad5-c0d1-4dc1-a29f-a8b3ceb8727e,law.hot,premium,3250,3250,high,medium,3,namecheap,,,
278938fa-953f-45ba-b902-2d76db9972e9,law.qpon,premium,3450,23.54,high,medium,3,namesilo,,,
ccf35bd5-bfe8-43ba-82b4-ca0f28b3e96b,law.health,premium,6500,71.5,high,medium,3,namecheap,,,
48fd9f26-515c-4165-8bde-2b21f768b61c,law.fishing,premium,52,31.2,high,medium,3,namecheap,,,
a0f2d3ab-fb4e-45e1-9e83-6b7cc65e772c,law.boats,premium,845,15.73,high,medium,3,namecheap,,,
afd20e8d-96a3-443e-9cbf-aa8b9236285d,law.rich,available,94.99,1999,high,medium,3,namesilo,,,
86a4a42d-a5ee-455f-84b8-91c9efec5469,law.villas,premium,85.8,85.8,high,medium,3,namecheap,,,
f730b416-f8e7-41c0-b4c1-b569ffa9fb93,law.immobilien,available,14.99,,high,medium,3,name.com,,,
72a0bb2c-6e99-4853-bde7-184570f4a8bc,law.desi,available,22.98,,high,medium,3,namecheap,,,
9917022b-d7d1-43d6-9b2e-a507ead7b5fa,law.cars,available,1999.99,2199,high,medium,3,namesilo,,,
aa796d74-8642-4502-a5f4-e65177c189e1,law.tv,resell,,,high,medium,3,Dynadot Inc,01/10/2003 05:06,01/10/2027 05:06,26/09/2026 07:09
cc6ee97d-3845-4a23-b423-eabfa0afab84,law.actor,premium,128.7,128.7,high,medium,3,namecheap,,,
6e2bbfa1-cd23-41b8-9d4b-61d18aa8b0e9,law.foo,premium,1298.7,1298.7,high,medium,3,namecheap,,,
64833593-2df2-44bd-8fd4-677e67dd4300,law.skin,premium,2600,15.73,high,medium,3,namecheap,,,
a62be482-0384-4b9d-a541-4f0f06a8ae71,law.uno,premium,3250,3250,high,medium,3,namecheap,,,
d4b1aa19-8aca-4fc6-8a26-6999b68bac70,law.webcam,premium,650,84.5,high,medium,3,namecheap,,,
47324540-370a-4fd7-9ee6-55599de34e09,law.giving,available,,,high,medium,3,,,,
afe6af5d-63c6-47a4-9961-f22bd9a7809c,law.paris,available,51.98,,high,medium,3,namecheap,,,
00c0072e-0448-4c0a-b258-ad449644ea4c,law.zone,premium,118.8,118.8,high,medium,3,namesilo,,,25/09/2026 11:31
ffab3f54-2b3f-42d4-8bca-6e289f57ae50,law.rentals,premium,128.7,128.7,high,medium,3,namecheap,,,
387c4914-e697-4f13-b3ee-cb1989a72c41,law.luxe,premium,242,17.7,high,medium,3,namesilo,,,
2dd88a28-38f5-48ec-a9d5-86195a2b71bc,law.fast,premium,650,650,high,medium,3,namecheap,,,
98b7a0c8-39ec-40d0-a711-037b6e54f234,law.osaka,available,,,high,medium,3,,,,
3dc1d92c-5b9d-410d-a6d7-ad8709b37d78,law.plus,resell,,,high,medium,3,"Spaceship, Inc.",21/02/2021 10:39,21/02/2027 10:39,26/09/2026 07:09
ec0f3909-ae57-4314-aa24-2ff54fb27080,law.voto,available,19.99,,high,medium,3,name.com,,,
7855ba07-2c97-402c-a746-c5a67200a96e,law.vip,premium,6500,16.9,high,medium,3,namecheap,,,
ad90be65-6a11-4654-9947-72adfd896620,law.hockey,available,14.99,,high,medium,3,name.com,,,
1a625cdd-69c0-4112-8294-811136edfcb9,law.lighting,premium,26,26,high,medium,3,namecheap,,,
b9bf5b7f-9e9c-4988-9c63-fe7c7901af87,law.foundation,premium,260,260,high,medium,3,namecheap,,,
f51658d5-3eac-4fcb-8f24-70fa750625ab,law.bingo,available,14.99,,high,medium,3,name.com,,,
a4900421-c7be-4a1c-b7ac-e05d777e6dab,law.cleaning,available,75.49,75.49,high,medium,3,namesilo,,,
da35c6bf-7fde-48f5-99e2-1de05056c3dd,law.menu,available,27.99,27.99,high,medium,3,namesilo,,,
edba6c3a-aa99-432b-be91-2311f63a9355,law.security,available,1999.99,2049.99,high,medium,3,namesilo,,,
ce99f190-a807-4efe-a672-684dac2e74fd,law.deal,premium,130,130,high,medium,3,namecheap,,,
9ec1928f-7989-41ec-8564-7515af552ec5,law.storage,available,509.99,529.99,high,medium,3,namesilo,,,
45c91628-ee4f-4749-88d1-962e2fece5dc,law.lgbt,premium,2600,2600,high,medium,3,namecheap,,,
d4f9eeca-9bfc-467e-9e00-b39c87c14d60,law.film,premium,650,650,high,medium,3,namecheap,,,
a34a8ccd-f43d-4ea2-b0c6-8671e234b302,law.irish,available,9.99,,high,medium,3,name.com,,,
cfdbfe3b-7cc6-4c51-b25b-8007d64c1442,law.date,resell,,,high,medium,3,West263 International Limited,07/12/2016 13:17,06/12/2027 23:59,26/09/2026 07:09
cc0a655f-fa96-4fb8-a745-f3fe254ea20c,lawyer.attorney,premium,3750,,high,low,6,name.com,,,
8304790f-8b88-4575-bbc0-c9724f96672f,law.tennis,available,65.99,65.99,high,medium,3,namesilo,,,
eb880605-4333-4363-a8a6-7169e480d33f,law.diet,available,104.99,114.99,high,medium,3,namesilo,,,
f2086b21-a820-414f-89d7-862f7e0cde21,law.restaurant,premium,128.7,128.7,high,medium,3,namecheap,,,
6946eda1-747d-4987-b88e-9fa686df3154,law.creditcard,available,9.99,,high,medium,3,name.com,,,
320361bd-e984-4fea-8b87-d870c25d821a,law.dad,premium,1298.7,1298.7,high,medium,3,namecheap,,,
3ff2d474-311a-4f58-a516-d82d27597dc1,law.ooo,premium,1248.75,,high,medium,3,name.com,,,
7fe2a425-1573-46fc-b43f-fbe77ea679dc,law.kaufen,available,5.99,26.99,high,medium,3,namesilo,,,
bea41fb2-2683-4a47-8a91-d8e359558a61,law.design,premium,845,845,high,medium,3,namecheap,,,
07022e4e-0426-49ae-9176-edc301429cdd,law.cab,resell,,,high,medium,3,"DNSPod, Inc.",05/03/2017 00:41,05/03/2030 00:41,26/09/2026 07:09
5806c8ba-8092-40ab-b2e8-d2d87d3093da,law.courses,premium,6500,6500,high,medium,3,namecheap,,,
cdd8dbf0-3353-47f4-85e6-b187219f0798,law.movie,available,69.99,,high,medium,3,name.com,,,
8c77730f-395b-4302-9ac8-19cb186803ef,law.cricket,premium,1300,130,high,medium,3,namecheap,,,
1da82b63-7344-4b7d-877b-01a8b0ff6ce6,law.autos,premium,845,15.73,high,medium,3,namecheap,,,
4c0a6322-1da7-43b6-ad55-a2f0ad4c00c1,law.surf,premium,104,31.2,high,medium,3,namecheap,,,
9be6b26c-9588-4b82-8ea3-e0db7e80bb01,law.dance,available,17.99,,high,medium,3,name.com,,,
660345bf-a505-41f9-b2ed-d4c1b9100e8f,law.christmas,available,34.99,34.99,high,medium,3,namesilo,,,
8cc8ef31-40da-41cd-8e3f-31d68d51fda7,law.men,premium,650,84.5,high,medium,3,namecheap,,,
36dc948e-6c54-4831-8155-7f151f416b07,law.bar,available,,,high,medium,3,,,,
43d92eea-d670-4a3a-ac73-48de2ec54f6d,law.car,available,1999.99,2199,high,medium,3,namesilo,,,
b35b28d4-148e-4f89-8eae-bfc4a02de0b9,law.club,resell,,,high,medium,3,"GoDaddy.com, LLC",03/11/2023 21:02,03/01/2027 17:11,26/09/2026 07:09
771230bd-8fe9-4bc7-8776-cb24734197f1,law.red,resell,,,high,medium,3,"Spaceship, Inc.",05/08/2018 10:15,05/08/2027 10:15,26/09/2026 07:09
9a9e3a60-354f-4178-8e97-959c08e2f498,court.enterprises,available,3.6,28.32,high,low,5,porkbun,,,27/09/2026 16:05
9b5a7cc6-dd3f-43b3-8f4f-6c2d445eb086,court.ltd,available,4.34,25.04,high,low,5,spaceship,,,27/09/2026 16:05
6550dab4-65ec-4ef2-a18f-171a8730be07,attorney.holdings,available,64.99,64.99,high,low,8,namesilo,,,
58246bd4-99c6-4711-af66-0d0f73616c80,court.lawyer,premium,512,512,high,low,5,namesilo,,,27/09/2026 16:05
2b981975-e4d6-49fb-873d-c7056aa19e5b,court.navy,available,32.2,32.2,high,low,5,cloudflare,,,27/09/2026 16:05
38cf6e26-7c52-4def-b251-7398218b4dec,court.town,premium,128.7,128.7,high,low,5,namecheap,,,27/09/2026 16:05
2f8adc1e-4bdc-40a1-8d6b-d0ba3b2ef54c,court.training,available,15.99,41.99,high,low,5,namesilo,,,27/09/2026 16:05
2519982c-c921-4a21-8a79-0df1dc9bfa80,court.nyc,premium,1035.2,26.08,high,low,5,spaceship,,,27/09/2026 16:05
9a65b9f2-5073-4a4d-b59d-508030bf2395,court.markets,available,15.2,15.2,high,low,5,cloudflare,,,27/09/2026 16:05
4a28d06a-f3ff-4b09-a68b-e85371a778fc,court.security,available,1863.2,2000.18,high,low,5,spaceship,,,27/09/2026 16:05
5025ef66-e0dd-4595-993d-3451ac1b528f,court.accountant,premium,517.7,67.48,high,low,5,spaceship,,,27/09/2026 16:05
25e5d41c-a801-45b6-945b-e2c439e029d7,court.rocks,resell,,,high,low,5,"GoDaddy.com, LLC",16/03/2025 18:25,16/03/2027 18:25,27/09/2026 16:05
69121600-d691-4480-af3b-e9124d19d4ff,court.blackfriday,available,128.98,134.98,high,low,5,namecheap,,,27/09/2026 16:05
e4a263d2-b3f4-44b6-9dff-2c545249e900,court.repair,available,5.38,29.18,high,low,5,spaceship,,,27/09/2026 16:05
b57f7795-a245-4d4d-ae57-cebf5122b2d7,court.vacations,available,5.66,31.41,high,low,5,porkbun,,,27/09/2026 16:05
78c09c05-915a-4796-ab15-a45f1cec1280,court.holdings,available,64.99,64.99,high,low,5,namesilo,,,27/09/2026 16:05
e34eb2fa-4890-4c0f-9b68-d73c62db1e3d,court.soy,premium,40.57,40.57,high,low,5,spaceship,,,27/09/2026 16:05
e0966905-3ccc-4ab1-961d-80ef8360f958,lawyer.ltda,premium,56.64,33.04,high,low,6,namesilo,,,
26ee9510-16b6-4e7c-9df6-e5440facc80b,court.living,premium,72.65,103.7,high,low,5,spaceship,,,27/09/2026 16:05
ad2b3724-13dd-4e80-b1c7-fc1a66c246fb,court.flowers,available,64.99,114.99,high,low,5,namesilo,,,27/09/2026 16:05
34841d51-9d6a-43ee-a2c8-f3c60065a56d,court.ngo,available,18.98,24.98,high,low,5,namecheap,,,27/09/2026 16:05
5e226568-cf47-4f48-98ad-0b458175f799,court.hamburg,available,69.98,73.98,high,low,5,namecheap,,,27/09/2026 16:05
ef2097c5-b775-42cd-aa27-edf4630bf172,court.academy,available,17.99,46.99,high,low,5,namesilo,,,27/09/2026 16:05
63ecec24-eae6-430b-86d4-ac1909e65cf4,court.solar,available,51.95,51.95,high,low,5,spaceship,,,27/09/2026 16:05
8200e5d1-11d0-4fef-809c-edd7bce01dc0,court.rentals,available,6.41,35.39,high,low,5,spaceship,,,27/09/2026 16:05
75ffd067-fc3d-40db-8e24-0a59b0172634,court.spot,premium,550,550,high,low,5,dynadot,,,27/09/2026 16:05
4ab679c2-f09f-4f55-a3d6-6c439133cac3,court.republican,available,7.49,28.99,high,low,5,namesilo,,,27/09/2026 16:05
1f5d7964-7ad7-42ba-958f-3684d5bf8b04,court.fund,available,10.55,57.13,high,low,5,spaceship,,,27/09/2026 16:05
8f176939-0587-4708-9979-e118e1bcf002,court.ltda,available,34.99,34.99,high,low,5,namesilo,,,27/09/2026 16:05
a1d1e798-922b-4875-b708-9c51e11f620e,court.democrat,available,7.25,32.99,high,low,5,namesilo,,,27/09/2026 16:05
4dc4682e-770c-4e06-881b-1d7d3bf252ac,court.blue,available,13.98,32.98,high,low,5,namecheap,,,27/09/2026 16:05
27a604c7-fcbb-4405-932a-d635ca6145af,court.cooking,available,33.98,43.98,high,low,5,namecheap,,,27/09/2026 16:05
bf5ae149-4eee-4511-a45d-02b17c34655a,court.sex,available,69.98,154.98,high,low,5,namecheap,,,27/09/2026 16:05
4722bd0f-6e39-43bc-bc7f-086c7f8ba926,court.melbourne,available,58,58,high,low,5,namesilo,,,27/09/2026 16:05
c5a86998-9e12-4291-a925-fc7cb6488316,court.phd,premium,671.92,671.92,high,low,5,spaceship,,,27/09/2026 16:05
c5395954-f7fc-4118-a8b0-4c7a59b5d10d,court.qpon,premium,53.92,23.54,high,low,5,namesilo,,,27/09/2026 16:05
b258a9d3-eac1-4a5d-861f-ee99244789cb,court.lgbt,premium,78.54,78.54,high,low,5,namesilo,,,27/09/2026 16:05
b75d2590-70cb-4dd8-8415-2424774c55e0,court.marketing,available,6.41,33.32,high,low,5,spaceship,,,27/09/2026 16:05
49e48add-ae33-408b-b311-3ba85836e453,attorney.college,premium,625,,high,low,8,name.com,,,
2ddd84e1-bf5a-4739-b4a9-4bd28e0e089a,court.fish,available,44.49,44.49,high,low,5,namesilo,,,27/09/2026 16:05
7d4c5d4a-326c-40ed-b803-3921c8830314,attorney.photos,available,14.99,,high,low,8,name.com,,,
91b71b50-5c2e-423c-a8f2-51c1b989d53c,attorney.ong,available,16.99,,high,low,8,name.com,,,
04a1bac7-f831-424d-b450-b580128a4eb3,attorney.fund,premium,118.8,118.8,high,low,8,namesilo,,,
6195c8a6-0476-4a92-b540-a340bf36d57f,counsel.lawyer,premium,546.56,1092.18,high,low,7,porkbun,,,28/09/2026 01:44
1f512197-a4a8-43e6-a0c6-578081628a4d,court.forum,premium,116,116,high,low,5,namesilo,,,27/09/2026 16:05
8a648398-000c-4496-8e7f-a505f6f93d11,attorney.vacations,available,9.99,,high,low,8,name.com,,,
1d13ee4e-b9e0-4cb6-b62f-1aafcf5dd99f,attorney.lighting,available,14.99,,high,low,8,name.com,,,
fff9427c-71a7-46de-84ca-e376ad585036,attorney.pictures,available,9.99,,high,low,8,name.com,,,
52842517-5fcd-4ff2-a54f-e22a9ce2a6b4,attorney.paris,available,51.98,,high,low,8,namecheap,,,
d2049c70-4129-46fd-9645-0211e7a98f80,court.tienda,available,59.99,59.99,high,low,5,namesilo,,,27/09/2026 16:05
7d43c1f8-74f4-4786-aad4-53b076c706f6,court.estate,available,8.24,32.21,high,low,5,dynadot,,,27/09/2026 16:05
fe746fc3-166f-466b-b8b8-8dd878fcb0e9,attorney.exposed,premium,242,242,high,low,8,namesilo,,,
17e5681b-ae56-49bb-9467-0fc82c290f4c,attorney.auto,available,1999.99,2199,high,low,8,namesilo,,,
fefff147-d54f-469c-9d64-153cc9e389c1,attorney.shoes,available,39.99,,high,low,8,name.com,,,
cc1043e9-8acf-4550-959a-0bb74311d98e,attorney.zip,premium,161.25,,high,low,8,name.com,,,
0f13f589-d407-40e7-9309-199b99140294,lawyer.sarl,available,6.99,6.99,high,low,6,namesilo,,,
4aef841f-4ba9-45e6-bb11-8183b961b029,court.properties,available,30.2,30.2,high,low,5,cloudflare,,,27/09/2026 16:05
89f87a47-7f61-4609-b07c-6d1294819523,attorney.moe,premium,96,14.16,high,low,8,namesilo,,,
db47471b-f659-47cd-bda0-8507b12dad8a,attorney.viajes,available,37.99,37.99,high,low,8,namesilo,,,
82a38166-57fb-4391-b16e-fc4b2e4b05f8,court.cars,available,1863.2,2064.2,high,low,5,spaceship,,,27/09/2026 16:05
9b99c666-492a-4c88-80aa-25d88ee0b1f7,attorney.online,premium,7812.5,,high,low,8,name.com,,,
18d41e19-2858-48ec-9aad-ba89f4c6fe4f,attorney.promo,available,19.99,,high,low,8,name.com,,,
4ad749fc-3ede-45f4-b4b0-14b361815851,attorney.inc,premium,2061.5,2660,high,low,8,namesilo,,,
eb3f9850-88e2-4a09-be46-88e7a4ffe36d,attorney.bayern,available,34.99,34.99,high,low,8,namesilo,,,
2d5bda37-4892-46e2-bd4a-964343eaa4d7,attorney.fyi,available,,,high,low,8,,,,
6fe40472-f478-4bfb-a4bf-caa09ee9731e,attorney.rsvp,premium,311.25,,high,low,8,name.com,,,
cd331114-3707-49e2-9f1a-940f64003d16,attorney.one,premium,625,,high,low,8,name.com,,,
23c98d2a-355f-4fe0-b364-4d67a7d81471,court.baby,available,17.99,54.99,high,low,5,namesilo,,,27/09/2026 16:05
025bd09f-194f-46da-93b9-ddf8d335c4c4,lawyer.store,premium,781.25,,high,low,6,name.com,,,
0c0e8c85-08ca-4f46-ae99-af55613be300,court.forsale,available,12.62,29.18,high,low,5,spaceship,,,27/09/2026 16:05
394a0cb8-5f76-48fb-8da5-2e290f4eaa86,court.band,available,20.99,31.49,high,low,5,namesilo,,,27/09/2026 16:05
82751086-fe21-4bcb-9c9a-8449324fe89c,attorney.vin,available,11.99,,high,low,8,name.com,,,
82b9e4b7-dced-4258-8b08-bcd1d7bc7ccf,attorney.salon,available,14.99,,high,low,8,name.com,,,
7caa05f0-9f75-4b88-a5c4-f02705dec50a,court.surf,available,1.24,26.08,high,low,5,spaceship,,,27/09/2026 16:05
5151bd65-be13-4cb1-899d-9dbcbe57e035,attorney.technology,resell,,,high,low,8,"Spaceship, Inc.",23/02/2026 08:57,23/02/2027 08:57,26/09/2026 04:07
1e64ba25-4f95-49bd-9a85-e04752b2e393,attorney.country,available,2450,,high,low,8,namecheap,,,
c5a6da0a-28e5-4cce-a387-613433d47c93,court.healthcare,available,70.58,70.58,high,low,5,spaceship,,,27/09/2026 16:05
d766991e-c558-4e72-bc5f-d54ff171563d,attorney.fish,premium,118.8,118.8,high,low,8,namesilo,,,
9c6af511-0e8b-416c-99a8-5720ab1c4ecd,attorney.computer,available,29.99,,high,low,8,name.com,,,
55206e79-d4ec-45ee-8087-cb3ed9637597,court.bargains,available,11.96,24.83,high,low,5,dynadot,,,27/09/2026 16:05
b4123f83-771a-424b-8b44-6090ed3df4ee,attorney.car,available,1999.99,2199,high,low,8,namesilo,,,
3e13529f-90fb-4d4c-9fa8-fa944670d31c,court.condos,available,58.99,58.99,high,low,5,namesilo,,,27/09/2026 16:05
3837713d-9b47-4a87-9bac-4009d0246418,attorney.diet,available,104.99,114.99,high,low,8,namesilo,,,
40cc79cb-ded8-4061-8150-2f754b4bbbdd,court.dad,premium,516.67,516.67,high,low,5,spaceship,,,27/09/2026 16:05
e1a67764-127a-49e6-bfc3-3ef1b463277b,attorney.cv,premium,137.6,80.33,high,low,8,namesilo,,,
9f2c0e32-6529-434f-be69-a3193fde6e68,attorney.casa,available,2.19,12.99,high,low,8,namesilo,,,
4a22fe13-c012-4f02-bbc1-cdb12e0b8123,attorney.prof,premium,411.25,,high,low,8,name.com,,,
e29138da-8fac-4614-9c6a-182fe0837b17,attorney.contractors,premium,38.94,38.94,high,low,8,namesilo,,,24/09/2026 08:23
c051c48c-8635-4116-914f-85827fb1b476,court.dentist,available,65.99,65.99,high,low,5,namesilo,,,27/09/2026 16:05
3fb12bbe-d03c-497a-a5af-8bdc137deda7,attorney.jewelry,available,19.99,,high,low,8,name.com,,,
e8046d5f-414f-4136-b98e-883a33be595e,court.attorney,premium,512,512,high,low,5,namesilo,,,27/09/2026 16:05
f39dd2f6-a45a-45c9-834d-2483e59d015b,court.engineering,available,50.2,50.2,high,low,5,cloudflare,,,27/09/2026 16:05
2c43c806-48b6-4103-8452-12a656772093,attorney.observer,premium,854,854,high,low,8,namesilo,,,
c0274d00-fc46-416e-96ea-6986c4bef5d0,court.cv,premium,265.6,80.33,high,low,5,namesilo,,,27/09/2026 16:05
d50a34c3-a65e-4e26-b226-1746d9b91634,court.cyou,premium,384,768,high,low,5,namesilo,,,27/09/2026 16:05
754289b0-cc70-45fc-b69a-e3ad3c839201,attorney.channel,premium,311.25,,high,low,8,name.com,,,
cb3692a2-b1bc-4502-84cf-f4a54d0847ad,lawyer.bar,premium,1968.75,,high,low,6,name.com,,,
7eaccaef-efcd-4848-a347-0e377c58fce6,attorney.actor,available,19.99,,high,low,8,name.com,,,
84cd6489-b1a6-4c29-878c-7246a31aee54,court.study,premium,53.92,53.92,high,low,5,namesilo,,,27/09/2026 16:05
1cca4466-b87f-4db9-966c-5d427d60e214,court.site,premium,1107,1107,high,low,5,namesilo,,,27/09/2026 16:05
3e3e4483-c603-4969-aa55-c3ab0747cc21,court.lifestyle,premium,72.65,103.7,high,low,5,spaceship,,,27/09/2026 16:05
a961add1-c085-403e-aa89-2362f4ae1901,attorney.store,premium,781.25,,high,low,8,name.com,,,
7792918b-91b2-45be-b4b5-f38ec47950ea,lawyer.training,premium,242,242,high,low,6,namesilo,,,
00fb3782-344e-4032-a763-e64b5b427a2b,court.mortgage,available,49.88,49.88,high,low,5,spaceship,,,27/09/2026 16:05
b881ceeb-a82e-4bab-9428-f6a2023b2735,attorney.hospital,available,57.99,57.99,high,low,8,namesilo,,,
9bf2074e-9a1b-4b25-ad82-8da5a13a675d,lawyer.me,resell,,,high,low,6,"Sea Wasp, LLC",29/04/2008 18:01,29/04/2027 18:01,26/09/2026 07:09
11d30a28-9149-4497-8bb8-46bc4eb159d9,attorney.group,resell,,,high,low,8,"Chengdu West Dimension Digital Technology Co., Ltd.",05/06/2016 21:14,05/06/2027 21:14,26/09/2026 04:07
61264571-aef5-4110-bf1b-c1a7ef20eac9,attorney.flights,premium,78.54,78.54,high,low,8,namesilo,,,
a0f86e9f-da6a-46df-86c6-c00686cde1a8,attorney.consulting,premium,242,242,high,low,8,namesilo,,,24/09/2026 06:54
236a73af-8015-403b-809c-d64ed13ec40e,attorney.rodeo,premium,47.2,11.8,high,low,8,namesilo,,,
0c98d017-bcb9-44a5-8360-e3adb0432e66,court.sexy,premium,13800,13800,high,low,5,namesilo,,,27/09/2026 16:05
bb656e91-6074-454a-a392-66a993eed55e,attorney.farm,available,13.99,,high,low,8,name.com,,,
a0389ae4-9f77-4630-aecd-667512ce43fb,attorney.fail,premium,118.8,118.8,high,low,8,namesilo,,,
15b82c27-1a11-43cb-9403-b993bd6e3e30,lawyer.buzz,premium,750,,high,low,6,name.com,,,
93fe0908-9cb4-4cc0-803b-ba7387fc693d,attorney.reisen,available,3.99,20.99,high,low,8,namesilo,,,
2a5e0b32-d602-4ba4-87d7-8b72d43745ba,court.boston,premium,41.6,18.83,high,low,5,spaceship,,,27/09/2026 16:05
734e8470-f6e7-47a3-ad86-6f800eb17e5d,attorney.dentist,premium,242,242,high,low,8,namesilo,,,
e3af4c02-2df7-4436-aa9c-1d63a54a6261,attorney.vision,premium,118.8,118.8,high,low,8,namesilo,,,
6abecf9c-d7fd-40bb-9ca0-6cde61229cba,court.glass,available,72.99,72.99,high,low,5,namesilo,,,27/09/2026 16:05
ef065e3a-f167-4241-b1a6-a3811d32e1a3,lawyer.tax,resell,,,high,low,6,"Sav.com, LLC - 28",03/04/2025 15:15,03/04/2027 15:15,26/09/2026 07:09
143f6b6d-839b-4c29-93de-2c9b7cb02cee,court.kaufen,available,5.57,24.83,high,low,5,dynadot,,,27/09/2026 16:05
e109ddef-f051-4f4a-a058-aefa356d1d67,judiciary.space,available,,,high,medium,9,,,,
0d3c607a-5a84-4cb6-9e7c-09a680ed20e1,lawyer.travel,available,39.99,,high,low,6,name.com,,,
06e49838-7a57-4d10-9237-1c294b8b4fb8,lawyer.hair,premium,812.5,,high,low,6,name.com,,,
3e5ad25a-70a2-4867-a752-5a3031085511,lawyer.vote,available,49.99,,high,low,6,name.com,,,
cf020c2c-1cf3-4bad-8659-0447e7b0402c,court.car,available,1999.99,2199,high,low,5,namesilo,,,27/09/2026 16:05
29f6fcd9-25ec-4afa-a280-9d641754239c,lawyer.phd,premium,811.25,,high,low,6,name.com,,,
022aff4f-035f-45dd-aeb4-39d0b1f7ee44,court.art,premium,291.2,83.3,high,low,5,namesilo,,,27/09/2026 16:05
3ab35380-4393-454c-a547-92e47f1c7d3b,court.me,premium,3547.46,16.55,high,low,5,spaceship,,,27/09/2026 16:05
954fc005-09ef-4035-a546-803c58bd1011,lawyer.limo,available,19.99,,high,low,6,name.com,,,
3ac71430-1fb9-4333-9c1e-ca4dd999b89f,attorney.srl,premium,54.28,30.68,high,low,8,namesilo,,,
bfe54397-09e3-4ec2-ae4c-31efad21454f,lawyer.watch,premium,500,,high,low,6,name.com,,,
e9e48ce7-7f79-4696-9d40-7b7af0812993,court.ceo,available,10.19,129.99,high,low,5,namesilo,,,27/09/2026 16:05
f5d55fdd-e2d5-474e-836c-b9540da7d183,lawyer.navy,available,41.99,41.99,high,low,6,namesilo,,,
5fdd6b08-b556-4202-92e9-085228332050,court.menu,available,27.99,27.99,high,low,5,namesilo,,,27/09/2026 16:05
95891c87-6c43-41ac-9b2e-9a10869f6ea9,attorney.theater,available,19.99,,high,low,8,name.com,,,
af8188fc-7232-418b-8740-9b2b03f84199,lawyer.barcelona,available,38.98,,high,low,6,namecheap,,,
34e8a864-4efe-47a5-8ad5-478ebbba37db,court.rich,available,79,160.72,high,low,5,dynadot,,,27/09/2026 16:05
afa1f65e-37c4-46f2-9081-765628ceb8ef,court.shoes,available,31.25,51.95,high,low,5,spaceship,,,27/09/2026 16:05
2f475a45-5a2d-43c6-80f2-211cb684c773,court.science,premium,640,77.35,high,low,5,namesilo,,,27/09/2026 16:05
b3c3e4f4-7e86-4b75-8952-af7374c561f5,lawyer.diet,available,104.99,114.99,high,low,6,namesilo,,,
ab3e5286-c025-43d8-8af1-a93671321374,lawyer.fans,premium,640,640,high,low,6,namesilo,,,
b30f2712-7b64-4cb5-8fe1-f23e2c6188ef,court.vip,premium,2587.7,15.73,high,low,5,spaceship,,,27/09/2026 16:05
429f38a1-03b2-491f-a79a-66743768a735,lawyer.onl,premium,156.25,,high,low,6,name.com,,,
a9491521-9166-4324-b113-972059528d99,lawyer.casino,available,12.79,159.99,high,low,6,namesilo,,,
ad76b624-e3a1-4aec-bb0c-821f8c72ffd3,attorney.host,premium,3125,,high,low,8,name.com,,,
1568815c-756f-4239-ac13-630c6aea6cff,court.day,premium,516.67,516.67,high,low,5,spaceship,,,27/09/2026 16:05
9768fe12-b8e0-4340-9e3b-908bdd4ea803,court.theatre,available,509.99,529.99,high,low,5,namesilo,,,27/09/2026 16:05
5d88cc4b-1135-44b9-9a0a-ae309b7fbfa3,attorney.health,premium,9375,,high,low,8,name.com,,,
18ff125b-933a-477e-8c7e-451e14f6aa71,attorney.info,resell,,,high,low,8,"NameCheap, Inc.",13/07/2002 19:25,13/07/2035 19:25,26/09/2026 04:07
d727fcfb-6f9c-4c4f-bc6c-99425afaa0bc,lawyer.bot,resell,,,high,low,6,Porkbun LLC,23/03/2025 21:46,23/03/2027 21:46,26/09/2026 07:09
042fc146-f26f-40b2-b4df-3b3b1203a248,lawyer.equipment,available,19.99,,high,low,6,name.com,,,
b11297e9-08c6-489a-8d11-67a69de9e554,lawyer.theater,available,19.99,,high,low,6,name.com,,,
7c462bb0-cf44-4173-9ac6-353d4aa90854,court.photo,premium,103.7,103.7,high,low,5,spaceship,,,27/09/2026 16:05
cc32a232-4872-44f8-bbff-c9e960fe235d,attorney.catering,available,38.99,38.99,high,low,8,namesilo,,,
b1d09684-7ad0-4763-870f-6a74edd42d1a,lawyer.cooking,available,32.49,32.49,high,low,6,namesilo,,,
ed5134c3-d3b8-4896-87e9-c118e19b0e74,lawyer.kitchen,available,14.99,,high,low,6,name.com,,,
b7ecb726-e0b4-447f-9a36-d4be3dde86de,court.eco,available,58.48,101.98,high,low,5,namecheap,,,27/09/2026 16:05
9e8194d8-a138-40e2-8a8c-a5fde10b4d8d,attorney.insure,premium,78.54,78.54,high,low,8,namesilo,,,
8e89bde0-2573-442e-8ae8-ee62b5d2ac2c,lawyer.security,available,1999.99,2049.99,high,low,6,namesilo,,,
ef22795e-6df4-4f8c-ae36-828406a16dfd,court.management,available,20.2,20.2,high,low,5,cloudflare,,,27/09/2026 16:05
e5d9db47-e782-4f64-a609-bb935f35ca3f,court.futbol,available,7.49,17.99,high,low,5,namesilo,,,27/09/2026 16:05
ea5dedf9-f3d2-451b-afb3-a449da7256eb,court.vana,available,2060.25,2060.25,high,low,5,porkbun,,,27/09/2026 16:05
22e79379-9bef-494b-8808-36a71b9fe165,court.moda,available,32.2,32.2,high,low,5,cloudflare,,,27/09/2026 16:05
88ab587b-9ad1-4ee4-bccb-c659a3f7263b,court.community,available,47.98,58.98,high,low,5,namecheap,,,27/09/2026 16:05
d41e9f62-c405-4ad4-a8b1-8a684a32ad6b,lawyer.catering,premium,78.54,78.54,high,low,6,namesilo,,,
1006090b-ca99-4fde-a0af-0f12efd3db40,lawyer.property,available,,,high,low,6,,,,
5362a533-deac-4b56-b6eb-d14577fbd8ac,attorney.exchange,premium,78.54,78.54,high,low,8,namesilo,,,
8dd3b59f-ef9a-4e36-a9e2-bf5db59bc3f6,court.fast,premium,116,118.8,high,low,5,namesilo,,,27/09/2026 16:05
80cb59c2-ee5b-4a70-b2fc-050cccac0f33,court.pink,available,20.2,20.2,high,low,5,cloudflare,,,27/09/2026 16:05
e62a903e-0138-4da2-9ede-4f47fd5291ca,attorney.lease,premium,118.8,118.8,high,low,8,namesilo,,,
1f2fa657-a661-43fa-a48b-bae2811729ed,court.how,premium,196.9,196.9,high,low,5,dynadot,,,27/09/2026 16:05
32836947-9ea8-4b21-a921-388d3f03c8e1,attorney.credit,available,11.99,,high,low,8,name.com,,,
6af439ee-e647-4a1b-b021-aee6852c5569,attorney.you,premium,625,,high,low,8,name.com,,,
cd93f299-867c-4dd0-8b0d-6b4bbddcbbe6,attorney.moi,available,25.99,25.99,high,low,8,namesilo,,,
2928fccc-59f6-4fc1-a816-b23615663b2a,attorney.yachts,premium,812.5,,high,low,8,name.com,,,
5b018d6b-f002-42e0-887f-aac50ab003b5,court.productions,available,31.2,31.2,high,low,5,cloudflare,,,27/09/2026 16:05
4e8d9654-0ce8-429c-9e4b-d819841b6808,court.maison,available,57.99,57.99,high,low,5,namesilo,,,27/09/2026 16:05
b8abc9ca-8cde-46de-98ba-e5f66fcce1c5,attorney.guitars,available,104.99,114.99,high,low,8,namesilo,,,
60197f72-c913-4182-9a3b-d7a7dc3d0f9d,attorney.hiphop,available,23.99,23.99,high,low,8,namesilo,,,
5242fda7-43c7-4c70-8763-54a137958219,attorney.reviews,available,,,high,low,8,,,,
260174df-5237-4919-a9c3-ed5ed987b5e7,court.university,available,19.99,81.99,high,low,5,name.com,,,27/09/2026 16:05
eb7a9b23-1ef9-4f9d-9f49-d47b2f827125,lawyer.pro,available,,,high,low,6,,,,
1c733c9a-3783-4a9a-bb98-cedb8431ea45,advocate.lawyer,premium,3750,,high,low,8,name.com,,,
053d3ab5-c035-491f-96fd-a51cb4a5b539,court.locker,premium,650,39,high,low,5,namecheap,,,27/09/2026 16:05
6e86bcbe-2396-4284-9f12-5b47778976a1,lawyer.shiksha,premium,2500,,high,low,6,name.com,,,
9dc47b24-0bab-4a13-86e0-7748c8b1978e,attorney.republican,available,5.99,28.99,high,low,8,namesilo,,,
3edc60bb-9578-4f1c-b142-c352515f7902,attorney.food,premium,490,700,high,low,8,namecheap,,,
fe6899c9-dc8d-4e1e-bd5e-cb96d7a90cfd,court.build,premium,1638.01,1638.01,high,low,5,porkbun,,,27/09/2026 16:05
a761c633-c0f7-48d2-843d-0141a7a5f911,court.singles,available,9.49,33.99,high,low,5,namesilo,,,27/09/2026 16:05
a122ae5d-a340-4a6d-a18b-20b0801610da,lawyer.photography,available,9.99,,high,low,6,name.com,,,
fc478ecf-e314-4261-ab20-286acd03cf3b,attorney.doctor,available,14.99,,high,low,8,name.com,,,
7723f763-b78f-4733-b2ff-d1411f839b6d,lawyer.tires,available,5.99,78.99,high,low,6,namesilo,,,
28f8ed6f-222e-4f22-93bc-417df6f9ab31,attorney.diamonds,available,54.99,54.99,high,low,8,namesilo,,,
eb3d3b06-db9c-47a4-b7b0-4d8e9dc5424a,attorney.beauty,premium,812.5,,high,low,8,name.com,,,
4ce884ef-59f5-49eb-adbf-d4107c6a2917,attorney.lifestyle,premium,490,700,high,low,8,namecheap,,,
e82dcc61-b4f6-4ce9-acb4-bf2aed48cc54,attorney.fan,premium,123.75,,high,low,8,name.com,,,
e97b9bd4-3a26-4272-966c-4cc625e09045,court.buzz,premium,103.7,51.95,high,low,5,spaceship,,,27/09/2026 16:05
9d246002-7601-4d44-8a2a-9d0862ad2a69,attorney.eco,premium,4375,,high,low,8,name.com,,,
a1fe189c-6300-46dc-97b1-ce8b3e67abfd,attorney.kitchen,available,14.99,,high,low,8,name.com,,,
608cb6c5-b9c2-4fc6-a03f-45b0a34cc3c3,lawyer.music,available,,,high,low,6,,,,
b7d12598-1649-4728-ac03-0d2bedb2852f,attorney.gives,premium,78.54,78.54,high,low,8,namesilo,,,
74aa76a9-deed-4209-9f91-347e8c89a4bc,attorney.gallery,premium,118.8,118.8,high,low,8,namesilo,,,
82dc9969-c09d-4cb9-b563-3e3722323d5e,court.foo,premium,257.92,257.92,high,low,5,spaceship,,,27/09/2026 16:05
521c81a4-93d6-4c11-8734-27d45162c06b,attorney.day,premium,311.25,,high,low,8,name.com,,,
dcee120d-e3c8-4aa0-8d12-41aa87442ebe,court.gifts,available,29.18,29.18,high,low,5,spaceship,,,27/09/2026 16:05
7054b090-4798-41b8-9341-bf7e13373364,lawyer.cfd,premium,384,768,high,low,6,namesilo,,,25/09/2026 11:31
51bfe091-727b-44a9-9815-7d640292097c,attorney.ventures,available,19.99,,high,low,8,name.com,,,
c0666be4-1ad1-4017-ad1f-833945490671,legislation.zone,available,51.98,,high,high,11,namecheap,,,
2be14cd4-9e01-4494-b485-74db94898a27,lawyer.party,available,,,high,low,6,,,,
2b045f6c-97b0-4785-b778-2584e04c9079,attorney.pink,available,14.99,,high,low,8,name.com,,,
4f97d50b-4838-446c-bc8a-b384edc78ba2,attorney.living,premium,490,700,high,low,8,namecheap,,,
0e0c78f1-c2e7-4237-aaf6-a737f49885fc,lawyer.qpon,premium,3450,23.54,high,low,6,namesilo,,,
009926ef-cefe-4299-bc61-6e56b8f444ff,court.wedding,premium,83,26.08,high,low,5,spaceship,,,27/09/2026 16:05
3319fc7e-f168-43ec-b108-af3a5afe2e4f,attorney.deal,premium,625,,high,low,8,name.com,,,
0543f933-483e-4dff-a099-68f409dd1879,court.catering,available,31.25,31.25,high,low,5,spaceship,,,27/09/2026 16:05
9d23049e-d0cf-4b40-9ba8-baed1617e163,court.nexus,premium,311.25,311.25,high,low,5,name.com,,,27/09/2026 16:05
ef936d06-01f1-4409-b54a-7b12ff97a5f7,lawyer.boutique,resell,,,high,low,6,Dynadot Inc,16/05/2026 17:00,16/05/2027 17:00,26/09/2026 07:09
1520e35d-49ba-4811-8eda-333468825222,legislation.gg,available,82.98,,high,high,11,namecheap,,,
9ad52160-9975-452a-ba75-e1112b0fc88b,attorney.pub,available,39.99,39.99,high,low,8,namesilo,,,
52fab2d6-cce4-4389-a60e-0f7bed41eb8d,court.travel,available,27.99,149.99,high,low,5,namesilo,,,27/09/2026 16:05
775e7ed8-64c0-4fdd-95e8-42b3edb4724a,attorney.xyz,premium,1107,1107,high,low,8,namesilo,,,
7352d974-a0dc-43f7-aa6e-32df2af28940,court.supply,available,25.99,25.99,high,low,5,namesilo,,,27/09/2026 16:05
98ae7e0c-b869-4b02-9b59-a5e2fd89dd8f,court.villas,available,47.81,47.81,high,low,5,spaceship,,,27/09/2026 16:05
bf3a9711-a697-4e21-9f2d-f5ff45240726,legislation.at,available,,,high,high,11,,,,
54b42c5b-51a6-46aa-8a6a-a1feaea63176,lawyer.republican,available,5.99,,high,low,6,name.com,,,
196dfd4a-1ddf-4ad4-8d0f-025281f41d55,attorney.ooo,premium,19250,,high,low,8,name.com,,,
f340c66d-80b6-4ebf-b392-4d48fbfb1ff4,lawyer.porn,available,154.98,,high,low,6,namecheap,,,
437bd688-83a2-4c52-bc65-7b68848478ea,attorney.apartments,available,19.99,,high,low,8,name.com,,,
6d477adc-5307-41d7-af78-fbc55d4cc73e,lawyer.blackfriday,available,114.99,114.99,high,low,6,namesilo,,,
3de92916-9bfe-45cc-a98b-04d47f87dac2,attorney.mortgage,premium,500,,high,low,8,name.com,,,
e0a59095-4211-4d97-b661-d87975df1246,court.contact,available,11.59,11.59,high,low,5,spaceship,,,27/09/2026 16:05
bf96568c-d900-4e5e-8e24-c241e8d39827,court.luxury,available,26,26,high,low,5,spaceship,,,27/09/2026 16:05
1353399c-74a6-4a38-8153-1f6a81259108,lawyer.realty,premium,2187.5,,high,low,6,name.com,,,
2745b2f0-9d42-4c94-adf4-2a9ce1814d7c,attorney.london,premium,1358.95,,high,low,8,name.com,,,
2c9b3a86-8064-4581-8634-ee350ca3abcf,lawyer.ski,available,39.99,,high,low,6,name.com,,,
ba989f75-2528-4049-b449-fa94126cfe4b,court.inc,premium,1604.45,2070.2,high,low,5,spaceship,,,27/09/2026 16:05
9b95c8dc-9437-4895-94eb-54e790170d41,court.llc,premium,640,640,high,low,5,namesilo,,,27/09/2026 16:05
fe0b2fa7-8b6f-4073-a04a-26ab4bb1595f,lawyer.mobile,premium,375,,high,low,6,name.com,,,
8832e9f7-fd8c-4df4-b862-08f3d468f5de,counsel.how,premium,,,high,low,7,,,,28/09/2026 01:44
f3d0c3eb-e8be-4578-be05-662050ee91fc,court.international,available,12.99,31.49,high,low,5,namesilo,,,27/09/2026 16:05
2561ed71-a9e9-45ab-9714-351a1a5def28,lawyer.mom,premium,812.5,,high,low,6,name.com,,,
c36e17c0-1fe5-4001-9257-1fcb04d431cb,lawyer.fitness,premium,118.8,118.8,high,low,6,namesilo,,,
d4750e36-cd7d-4434-82ba-84fb44dee3d4,court.pics,premium,710.1,710.1,high,low,5,porkbun,,,27/09/2026 16:05
1cecfaf9-0602-4cea-a12a-24a545a14712,court.ryukyu,available,17.98,22.98,high,low,5,namecheap,,,27/09/2026 16:05
35013a58-3aea-4b5e-ab12-4dfb7f8c4397,lawyer.holdings,available,64.99,64.99,high,low,6,namesilo,,,
fde1374d-37cf-42c7-9d07-7bdbedf173de,court.industries,available,45.99,45.99,high,low,5,namesilo,,,27/09/2026 16:05
d3630d98-85d6-46a8-bf1a-13bb1bcbd2b6,court.exchange,premium,78.54,78.54,high,low,5,namesilo,,,27/09/2026 16:05
550a1234-bf64-4fb9-ab3c-6e0238a4fc60,attorney.date,premium,625,,high,low,8,name.com,,,
303a9fd4-deb5-409a-ac25-fd268455ffec,court.dealer,premium,1604.45,2070.2,high,low,5,spaceship,,,27/09/2026 16:05
00439eba-1218-47eb-9606-2d27b3473d51,lawyer.cv,premium,137.6,80.33,high,low,6,namesilo,,,
1bda5325-d458-4010-b7dc-3add7e200752,court.insure,available,72.99,72.99,high,low,5,namesilo,,,27/09/2026 16:05
4fb35e6a-400d-4067-b987-3943422c0ca5,attorney.barcelona,available,38.98,,high,low,8,namecheap,,,
d1756acf-60bd-4ac3-a3c7-8666c9fc7356,attorney.industries,premium,118.8,118.8,high,low,8,namesilo,,,
6192e2f1-e031-4483-954a-9159dadd3270,counsel.tips,available,15,,high,low,7,unstoppable,,,28/09/2026 01:44
f7b0d318-ae29-433d-a45c-8c82bf22aea4,court.voting,available,1398,1448,high,low,5,namecheap,,,27/09/2026 16:05
cc29a0d0-121c-433b-9821-383e23470fcf,court.broker,available,10.55,29.18,high,low,5,spaceship,,,27/09/2026 16:05
09e7a713-870e-405a-b952-91971c228589,court.mobile,premium,330,330,high,low,5,dynadot,,,27/09/2026 16:05
2ed96f7a-94ca-496c-9bd1-b2373fc7b2c1,lawyer.cool,premium,500,,high,low,6,name.com,,,
80d64904-84ef-4831-8715-97029f98d6c1,lawyer.hospital,available,57.99,57.99,high,low,6,namesilo,,,
14ba12c5-d232-42b5-903e-a3fa55ec1ffd,lawyer.gratis,premium,118.8,118.8,high,low,6,namesilo,,,
71ee9894-4330-45ed-a87c-37d14d04f15a,attorney.pics,available,1.99,32.49,high,low,8,namesilo,,,
f8ebf820-0ad3-4054-8616-73b219aa4462,lawyer.repair,available,9.99,,high,low,6,name.com,,,
cf430d83-99c8-4c9b-872b-482e7fdd56ac,attorney.builders,available,7.99,,high,low,8,name.com,,,
78a6e446-8a14-4f48-b6da-938c42e3741d,attorney.travel,available,39.99,,high,low,8,name.com,,,
b500e4b9-c8f3-47fe-b9f5-a8f26c7d88d4,attorney.cx,available,18.99,18.99,high,low,8,namesilo,,,
945ffbf1-0f43-4597-9822-09b77e3fcba2,lawyer.hiphop,available,,,high,low,6,,,,
455113b0-035f-485e-9286-ab37812f4645,attorney.style,premium,118.8,118.8,high,low,8,namesilo,,,
dd3e46a3-6002-4fe5-ba73-2ed38cd50dc8,lawyer.quest,premium,812.5,,high,low,6,name.com,,,
91229857-bffb-4870-b55a-06ebf61a51c3,lawyer.hiv,available,184.99,,high,low,6,name.com,,,
7cc22ad5-8611-4ed5-930b-fd9bed3a732e,lawyer.town,premium,78.54,78.54,high,low,6,namesilo,,,
1e3320ef-e44d-4629-ba90-ee4350709ed9,court.lease,available,8.24,46.23,high,low,5,dynadot,,,27/09/2026 16:05
7bc1c0df-b2dd-4a81-958f-711abcf91a90,court.school,available,38.48,49.98,high,low,5,namecheap,,,27/09/2026 16:05
f92ed00f-8595-436c-a883-1c26df3b1ad0,court.builders,premium,250,,high,low,5,name.com,,,27/09/2026 16:05
4aeb1653-eb45-4b24-8f01-d8681d2d85be,attorney.forex,available,19.99,,high,low,8,name.com,,,
5ae0a11c-de82-4afd-bb5d-ae6e638202ae,attorney.courses,premium,625,,high,low,8,name.com,,,
c05c9bb0-0dc5-4a12-b225-edfb20f51802,lawyer.icu,premium,368,736,high,low,6,namesilo,,,
207307e2-44f7-4322-9814-5e7952f571e8,attorney.flowers,available,64.99,114.99,high,low,8,namesilo,,,
285edf0a-22fc-4a67-adc0-dd7dff5d64d4,court.biz,premium,302.5,21.24,high,low,5,namesilo,,,27/09/2026 16:05
e790e5a9-194d-4997-b876-7e027b8e3a9f,attorney.voting,available,1448,,high,low,8,namecheap,,,
5cfa7f16-5294-49e1-9ec9-63cdb0773fea,court.men,premium,116,29.5,high,low,5,namesilo,,,27/09/2026 16:05
73dce6fa-17a1-493a-a43d-9431cba0864c,attorney.movie,available,69.99,,high,low,8,name.com,,,
de119134-42fb-45f9-b86b-775521cf0e6f,lawyer.broker,resell,,,high,low,6,Porkbun LLC,21/06/2024 17:31,21/06/2027 17:31,26/09/2026 07:09
b9c607f4-9142-4d6d-9d59-8a5d6044317b,counsel.ong,premium,1375,687.5,high,low,7,dynadot,,,28/09/2026 01:44
9f4f7b1b-32f6-485c-89dd-52c6d3c09be2,court.review,premium,5500,110,high,low,5,dynadot,,,27/09/2026 16:05
f4a34e1b-7bd6-4ebc-8199-190f495b1ade,justice.tennis,available,65.99,65.99,high,medium,7,namesilo,,,19/09/2026 10:07
18850aab-e89b-40f7-807b-fefcc69e4c93,judiciary.expert,available,,,high,medium,9,,,,
0f1beed6-e0d0-4b31-b1d9-8f35b2eb8025,attorney.shop,premium,625,,high,low,8,name.com,,,
226b6e7d-068e-4104-be7c-aac850113556,attorney.property,available,,,high,low,8,,,,
810a8deb-851d-4ac9-9749-38cbb9d3ff6f,court.press,premium,258.95,517.7,high,low,5,spaceship,,,27/09/2026 16:05
844d676b-53d5-4d82-b79c-974c52118da8,lawyer.auto,available,1999.99,2199,high,low,6,namesilo,,,
093178eb-cabf-46cd-8a9d-724898afa549,justice.gallery,available,29.98,36.98,high,medium,7,namecheap,,,19/09/2026 10:07
093d2b77-f07a-48f3-8b62-d02e553ea617,attorney.trading,available,19.99,,high,low,8,name.com,,,
070a3de9-dec7-47cb-b92f-9b54034d4a7d,lawyer.uno,premium,625,,high,low,6,name.com,,,
1d01ae43-6bf4-47b2-b653-186c8f3179cf,court.vodka,premium,828.2,26.08,high,low,5,spaceship,,,27/09/2026 16:05
d4b824b2-2dd4-4ca7-b78a-d112a0e2ef2f,justice.maison,available,57.99,57.99,high,medium,7,namesilo,,,19/09/2026 10:07
c3daf3e8-bbc1-4bb3-8a9b-873f796fe04f,attorney.loan,premium,3125,,high,low,8,name.com,,,
6a54074e-6f76-42f7-96a2-a145699afe1a,attorney.love,premium,3500,,high,low,8,name.com,,,
3fadd86e-c6bf-4049-8e2b-0798d3692a09,counsel.support,resell,,,high,low,7,,,,28/09/2026 01:44
a4946b48-05d3-4574-8fdf-2031b76bcf96,lawyer.gallery,premium,118.8,118.8,high,low,6,namesilo,,,
d7641380-88cf-4b7c-8884-392de21227d1,court.coffee,available,6.41,34.36,high,low,5,spaceship,,,27/09/2026 16:05
755c4100-282d-4d21-99a0-e080f642f51f,attorney.icu,premium,37.7,75.4,high,low,8,namecheap,,,
575c0d06-ae50-4a05-8e73-354e8eb462fe,court.game,premium,1625,,high,low,5,name.com,,,27/09/2026 16:05
9e66af66-7d25-4227-be09-98270286593b,lawyer.bargains,premium,242,242,high,low,6,namesilo,,,
4d6655d9-5dfe-4d72-8352-0747ca2d7ba2,court.party,premium,1107,116,high,low,5,namesilo,,,27/09/2026 16:05
1a64be1b-c640-4c8d-9962-1a9d35a9263e,attorney.ninja,premium,118.8,118.8,high,low,8,namesilo,,,
c6234ef5-58a2-4508-ac6b-311b4874145a,attorney.space,premium,3500,14000,high,low,8,namecheap,,,
8e9df2dd-ce21-43da-8616-e14d7cafa5a3,attorney.forsale,premium,118.8,118.8,high,low,8,namesilo,,,
3e96d7a2-4e04-4c8c-a60b-f57b8b5df45f,attorney.nyc,premium,6250,,high,low,8,name.com,,,
c01a1b3c-24ed-4469-8f79-50a9f3f443b1,attorney.best,premium,95.6,95.6,high,low,8,namesilo,,,24/09/2026 08:23
a357015e-804f-43cd-9a83-52519d164ed0,attorney.global,available,,,high,low,8,,,,
205887e7-9913-4f5c-8697-38242aa8c68c,attorney.sale,available,5.99,,high,low,8,name.com,,,
00fa8f30-db1f-4b84-9c33-c2d28a4ecf7b,attorney.surgery,available,54.99,54.99,high,low,8,namesilo,,,
e3c788a8-c9d0-410a-86b3-fa3bb5d302a0,lawyer.vodka,available,32.49,32.49,high,low,6,namesilo,,,
4d32b7d4-cd45-475e-8c2e-ebd61864f095,attorney.clothing,available,19.99,,high,low,8,name.com,,,
ba3f3d90-2176-4b69-8cb4-eeb67e313c59,lawyer.army,available,,,high,low,6,,,,
d7f43887-ee21-4a42-8911-83798d855bd8,attorney.qpon,premium,3450,23.54,high,low,8,namesilo,,,
b0a8a390-ca90-4ab2-8cbc-73d9ef9df07b,attorney.team,resell,,,high,low,8,Dynadot Inc,10/02/2018 17:33,10/02/2027 17:33,26/09/2026 04:07
a427ede5-531e-4247-9279-3018c78fdd04,lawyer.supplies,available,24.99,24.99,high,low,6,namesilo,,,
d46421bb-00ae-430f-981f-7ffbd7ecf7f9,attorney.tickets,available,359.99,389.99,high,low,8,namesilo,,,
b1b6b42c-f835-4800-b09d-a9ee80de3cfb,justice.stream,premium,116,29.5,high,medium,7,namesilo,,,19/09/2026 10:07
b74cd51c-67b5-45f9-9b99-8e13664b0fa7,justice.lawyer,premium,1107,1107,high,medium,7,namesilo,,,19/09/2026 10:07
8dc4435b-320f-4684-89ea-cce2519be5a0,court.org,resell,,,high,low,5,PDR Ltd. d/b/a PublicDomainRegistry.com,12/06/1996 04:00,11/06/2027 04:00,27/09/2026 16:05
f667f323-0b73-4725-b36f-002ac58ed8a6,attorney.shopping,available,14.99,,high,low,8,name.com,,,
fb34bb94-25ec-4c4e-a2e9-f7117f25376c,attorney.study,premium,625,,high,low,8,name.com,,,
80f4a477-463e-4620-a929-26b55383cafb,court.discount,available,4.63,24.2,high,low,5,porkbun,,,27/09/2026 16:05
886eebd3-0072-4513-8aed-d4fab0ab34d7,lawyer.fish,premium,78.54,78.54,high,low,6,namesilo,,,
ea4cb3be-6f49-447a-aef1-05901fc2e606,court.supplies,available,24.99,24.99,high,low,5,namesilo,,,27/09/2026 16:05
8c6bbf9a-2710-4ecb-9b5d-f1bbe882dc6f,attorney.kim,premium,2500,,high,low,8,name.com,,,
5dccf314-5a09-439a-9e9e-d951e7ed0301,justice.boutique,available,5.99,32.99,high,medium,7,namesilo,,,19/09/2026 10:07
271fd55c-d658-4df4-ae61-e9b64ea56c9d,attorney.haus,available,19.99,,high,low,8,name.com,,,
6ec42516-2530-450a-ad37-e8f5f0380c2a,attorney.gift,available,,,high,low,8,,,,
09d00e17-73d3-4380-919e-add307b09f57,justice.fit,premium,104,32.5,high,medium,7,namecheap,,,19/09/2026 10:07
13af04fe-6934-4755-a668-45976f0cd1fc,justice.surgery,available,54.99,54.99,high,medium,7,namesilo,,,19/09/2026 10:07
6a0b0449-d599-4a94-8576-919065ce9087,counsel.site,premium,250.2,302.5,high,low,7,unstoppable,,,28/09/2026 01:44
84f66eb5-ad29-4ddb-9483-8cba4aac8dbe,lawyer.apartments,available,19.99,,high,low,6,name.com,,,
40186501-7050-455d-896d-1271f6decb3f,attorney.airforce,available,103.99,103.99,high,low,8,namesilo,,,
2616a8a3-4099-4c2c-abd9-f0032e5edb55,court.kids,premium,55.11,20.18,high,low,5,porkbun,,,27/09/2026 16:05
20d4df49-8ba0-48c9-9498-91c717807bf7,court.win,premium,448,53.92,high,low,5,namesilo,,,27/09/2026 16:05
d34f793f-a4f0-4e0a-b5ff-e65a45f0525f,court.accountants,available,93.35,93.35,high,low,5,spaceship,,,27/09/2026 16:05
3bd01c30-950e-4e01-867a-616f67bbd1d7,lawyer.video,resell,,,high,low,6,"GoDaddy.com, LLC",27/03/2020 02:43,27/03/2027 02:43,26/09/2026 07:09
c0da196b-8ae0-467a-b170-ebfeee2fa036,attorney.autos,premium,812.5,,high,low,8,name.com,,,
365dfa8f-b694-4bb8-a903-b533c077805c,attorney.sh,available,39.99,47.99,high,low,8,namesilo,,,
f81fd580-1fbe-4d59-b873-e4eeb1350c51,attorney.tech,premium,1562.5,,high,low,8,name.com,,,
ef97bc4f-ea18-4017-b52c-43334b515d83,attorney.im,available,,,high,low,8,,,,
268fe90c-4c46-41cb-b398-fc6cef9638f3,legislation.ai,resell,,,high,high,11,101domain GRS Limited,16/12/2017 02:13,04/12/2027 02:13,26/09/2026 07:11
d441c124-8f30-473b-85a6-f1cffbac0e3d,court.online,premium,1562.5,,high,low,5,name.com,,,27/09/2026 16:05
74030daf-6c9a-4fd3-950a-185bb7e21b31,court.global,available,31.41,77.75,high,low,5,porkbun,,,27/09/2026 16:05
1855496a-fee0-478d-acaa-beb2029e24b2,court.sydney,premium,881.88,881.88,high,low,5,name.com,,,27/09/2026 16:05
6d1d9ffd-7527-4194-895b-f97521ca5359,attorney.supply,premium,118.8,118.8,high,low,8,namesilo,,,
b403fc3c-93a6-4306-8315-28780b7aa30a,court.ac,available,45,45,high,low,5,cloudflare,,,27/09/2026 16:05
d31ec7cf-b53e-4d5d-9f1e-e324c7ac5a11,attorney.film,premium,116,116,high,low,8,namesilo,,,
50e9bd36-fc0f-48ae-95e2-1a34145eff35,lawyer.boo,premium,623.75,,high,low,6,name.com,,,
d23fa02e-dee8-4f84-819d-e317aa100140,lawyer.health,premium,6250,,high,low,6,name.com,,,
6217f971-b84e-4f03-812e-48f8c0e78497,court.army,available,10.81,31.41,high,low,5,porkbun,,,27/09/2026 16:05
8c8008d5-8fef-4a8e-b656-e4eaeb49f186,justice.media,resell,,,high,medium,7,"DNSPod, Inc.",06/05/2022 13:15,06/05/2027 13:15,26/09/2026 07:03
6280ad5f-f8ab-4c83-ac76-d62deac9868d,counsel.reviews,available,49.88,49.88,high,low,7,spaceship,,,28/09/2026 01:44
19b5cd99-26b0-4adf-b7a3-64e300a0dab6,court.trade,available,5.25,6.25,high,low,5,namesilo,,,27/09/2026 16:05
a4f07799-5230-4429-bdc6-6336502966eb,lawyer.download,premium,625,,high,low,6,name.com,,,
67ba2b4d-ae1b-4175-9ae3-ceb60f44ebd4,justice.immobilien,available,37.99,37.99,high,medium,7,namesilo,,,19/09/2026 10:07
840ce7e9-be79-47d1-96a6-bbf345e65a7a,justice.codes,available,8.99,71.99,high,medium,7,namesilo,,,19/09/2026 10:07
d924cee3-cebe-422c-8f82-17a85b121ffa,court.gay,available,38.99,38.99,high,low,5,namesilo,,,27/09/2026 16:05
145b52ad-145a-4986-be92-6eca8f51bc1d,counsel.talk,premium,66,66,high,low,7,dynadot,,,28/09/2026 01:44
e5c786c5-9d69-4d70-90da-a7292cc61c34,counsel.hair,available,1.24,13.97,high,low,7,spaceship,,,28/09/2026 01:44
99a1be38-affb-4810-9f86-b128cccd450b,attorney.jetzt,available,9.99,,high,low,8,name.com,,,
08f23fdf-0d55-4bf7-9f56-8734673bbade,justice.movie,available,47.99,349.99,high,medium,7,namesilo,,,19/09/2026 10:07
5c6972d2-e320-435e-9faa-9b6419d17926,justice.meme,premium,455,455,high,medium,7,namecheap,,,19/09/2026 10:07
2e7848e1-04a8-430a-ae56-119943ab6372,attorney.gold,resell,,,high,low,8,"DNSPod, Inc.",16/04/2020 00:36,16/04/2027 00:36,26/09/2026 04:07
8ebc3089-954f-4e8b-8895-0b9dbea3abbc,attorney.singles,available,12.99,,high,low,8,name.com,,,
b3b42246-592c-4f77-aad3-f024c5f02454,court.limo,available,57.98,68.98,high,low,5,namecheap,,,27/09/2026 16:05
4a06c50e-0887-4afb-93e3-8fdc79fc55fc,counsel.ninja,available,15.99,53.99,high,low,7,godaddy,,,28/09/2026 01:44
bfd69537-8674-4b22-a349-c96e41124254,court.surgery,available,54.99,54.99,high,low,5,namesilo,,,27/09/2026 16:05
e976c639-aa2d-4499-8a25-da6761558fbd,lawyer.exposed,premium,118.8,118.8,high,low,6,namesilo,,,
fc4469d2-65f2-4ea2-b1b2-228c54bc65f1,lawyer.taxi,available,10.99,,high,low,6,name.com,,,
52014076-a3df-4ae0-b8b8-ddd1e315f3c5,attorney.cc,resell,,,high,low,8,"GoDaddy.com, LLC",26/08/2005 08:03,26/08/2027 08:03,26/09/2026 04:07
0f2b5f41-a1f1-45e4-8417-79bc43272e3a,advocate.attorney,premium,3750,,high,low,8,name.com,,,
3b51f134-51a1-469c-b41a-b4b693b8d10e,counsel.memorial,available,41.6,41.6,high,low,7,spaceship,,,28/09/2026 01:44
fd0c6c2c-e96e-4862-8d85-17a32258d105,court.taxi,available,48.2,48.2,high,low,5,cloudflare,,,27/09/2026 16:05
77598124-b0b7-493c-8a9c-2ed7fe97a3bd,lawyer.inc,premium,2061.5,2660,high,low,6,namesilo,,,
22bdc5a0-9426-41f3-abd0-b695852396d5,court.tips,available,11.59,25.04,high,low,5,spaceship,,,27/09/2026 16:05
30db9da2-49c3-4f17-9fa6-4f71597d33ce,counsel.sarl,available,9.99,9.99,high,low,7,godaddy,,,28/09/2026 01:44
6bbcb4b1-3556-43b8-b592-a67a1fe043df,judiciary.at,available,,,high,medium,9,,,,
bd47ed8b-ca28-4bc5-bd32-a2666979a6d2,counsel.rsvp,premium,32.18,32.18,high,low,7,porkbun,,,28/09/2026 01:44
80774faa-21b4-43f6-9636-a260d8a567a5,justice.institute,resell,,,high,medium,7,"GoDaddy.com, LLC",02/04/2014 16:00,02/04/2027 16:00,26/09/2026 07:03
1e0c6c5b-664c-4f11-9243-1c36c92b828a,justice.wine,available,9.99,59.99,high,medium,7,namesilo,,,19/09/2026 10:07
ef3d12f0-0fa1-40c3-b5b6-4b3e6593bfa1,court.loans,available,20.99,116.99,high,low,5,namesilo,,,27/09/2026 16:05
dc5a064a-7854-4fd7-84d2-52d3d9aa184c,lawyer.careers,available,49.99,,high,low,6,name.com,,,
21d6dac4-7ee0-4a0c-80c6-74b88bb57f6c,court.fail,available,30.2,30.2,high,low,5,cloudflare,,,27/09/2026 16:05
01773d9b-fff5-43a5-8f11-c66c8466ef0e,justice.lol,premium,832,832,high,medium,7,namesilo,,,19/09/2026 10:07
5bedb7f5-73a4-4cf0-94f7-d12e08cc3a6a,counsel.fitness,available,2.79,33.32,high,low,7,spaceship,,,28/09/2026 01:44
e9609d5c-0ed2-4c24-a1a0-f6d0dee7b33f,lawyer.chat,resell,,,high,low,6,"NameCheap, Inc.",20/05/2015 16:00,20/05/2027 16:00,26/09/2026 07:09
cdb9c7ea-9d89-40ca-a265-4197d3a569c3,attorney.finance,premium,118.8,118.8,high,low,8,namesilo,,,
7414e713-d17f-4bd9-9cbf-921740f6d393,court.salon,available,57.99,57.99,high,low,5,namesilo,,,27/09/2026 16:05
60c00709-3274-40aa-9208-0fe4c552a35e,counsel.fm,available,88.99,88.99,high,low,7,namesilo,,,28/09/2026 01:44
e008c645-3b80-4a9b-847e-a41e3c855760,justice.fishing,available,32.49,32.49,high,medium,7,namesilo,,,19/09/2026 10:07
ca06b621-c70c-412b-bbb2-0eb5a5d7fd98,litigation.expert,premium,123.75,123.75,high,high,10,name.com,,,
efcee56e-3dd2-40d7-9a6a-421961b3f82b,court.events,available,15.99,45.99,high,low,5,namesilo,,,27/09/2026 16:05
dfb9e2b9-cdd1-4997-a986-b54ea9008e02,court.sucks,premium,2182.75,2182.75,high,low,5,porkbun,,,27/09/2026 16:05
a7cf213c-b248-47b0-a193-b7795f4e0d56,lawyer.im,available,,,high,low,6,,,,
6707b8e5-7a18-4a4d-bfaa-1cffec9e139f,counsel.codes,available,3.31,57.13,high,low,7,spaceship,,,28/09/2026 01:44
5c629408-9dd3-4c4b-aeae-6065dbd154b3,attorney.support,available,,,high,low,8,,,,
dfce5cc1-93c7-4058-b91c-413003d1fbc8,justice.ski,available,27.99,64.99,high,medium,7,namesilo,,,19/09/2026 10:07
f32ad52e-78a8-4e6b-a090-aca32fe45195,counsel.best,available,2.35,22.99,high,low,7,namesilo,,,28/09/2026 01:44
e62ac50c-2086-43d8-9124-69b1cfd334d5,counsel.mom,available,1.99,27.99,high,low,7,namesilo,,,28/09/2026 01:44
ba9ffecd-fec5-4194-a65b-1cbbad827f7d,attorney.tienda,available,9.99,,high,low,8,name.com,,,
d1ef7fcb-e346-4e7e-85e5-4488343b6e62,lawyer.ong,premium,62.5,,high,low,6,name.com,,,
d45f12cf-3976-4a8a-9c7f-4d587b6a2326,attorney.restaurant,available,29.99,,high,low,8,name.com,,,
ca176689-fa0f-4fe9-b635-c0c92d4792ac,court.gmbh,available,36.43,36.43,high,low,5,spaceship,,,27/09/2026 16:05
12d858d3-9b63-4c38-b29a-29471bcd81b0,lawyer.protection,available,1999.99,2049.99,high,low,6,namesilo,,,
f412397e-8276-4df1-a683-98e8569033c8,attorney.charity,available,5.99,,high,low,8,name.com,,,
d7731cea-85ea-4ba6-a69d-0674b2512af8,attorney.dental,available,59.98,,high,low,8,namecheap,,,
4c69fd7c-5613-47e6-8b6b-721b2114e7e8,court.cfd,premium,310.7,621.2,high,low,5,spaceship,,,27/09/2026 16:05
1e9b51da-9d0e-41db-bc78-0e387f2f74bd,attorney.studio,premium,140,280,high,low,8,namecheap,,,
29a70ce1-9024-40db-aa7b-eefa8366eb5d,attorney.holiday,available,9.99,,high,low,8,name.com,,,
7ae2bf59-29cf-4532-b8d6-358f306a1b1b,lawyer.deal,premium,625,,high,low,6,name.com,,,
313cb976-eac7-48f9-ba23-4350d6b24ec2,counsel.theater,available,99.99,99.99,high,low,7,godaddy,,,28/09/2026 01:44
58c9f1fb-6b18-4118-89d0-765f7dd15346,counsel.lighting,available,35.99,35.99,high,low,7,godaddy,,,28/09/2026 01:44
54fc9a2a-1777-4e57-b722-0cb5fc69a2ba,justice.phd,premium,427.7,427.7,high,medium,7,namecheap,,,19/09/2026 10:07
0d3da5f5-ce60-470b-8524-d37d8a7b546e,justice.blue,premium,768,768,high,medium,7,namesilo,,,19/09/2026 10:07
0292d046-0221-4852-a1aa-808c1e77cc52,lawyer.locker,premium,290.91,8.05,high,low,6,namesilo,,,
f015e062-88de-4e2a-92b5-8aa59ec97c69,solicitor.us,resell,,,high,high,9,"GoDaddy.com, LLC",24/04/2002 15:39,23/04/2027 23:59,26/09/2026 09:08
4665581f-36a5-4354-93e8-da9c0397fe42,court.place,available,17.8,17.8,high,low,5,spaceship,,,27/09/2026 16:05
71f25caf-a575-4814-a742-55479d5f5508,lawyer.express,resell,,,high,low,6,"Global Domains International, Inc. DBA DomainCostClub.com",14/06/2026 15:15,14/06/2027 15:15,26/09/2026 07:09
65d8ee02-2f33-4d08-9d37-f68606b4e1af,attorney.irish,resell,,,high,low,8,Unstoppable Domains Inc,25/05/2018 02:50,25/05/2027 02:50,26/09/2026 04:07
b7cf6df7-7c28-44ba-84b5-9596faa075f8,court.direct,available,10.81,33.47,high,low,5,porkbun,,,27/09/2026 16:05
04276a1d-1d6b-436a-8c64-55fdb326f211,counsel.claims,available,19.99,111.99,high,low,7,godaddy,,,28/09/2026 01:44
ba647f84-c092-48bb-b0a5-52c88588f81b,lawyer.maison,available,19.99,,high,low,6,name.com,,,
c79d3fbe-05b9-4aaa-929e-c460ab4678b6,justice.srl,premium,54.28,30.68,high,medium,7,namesilo,,,19/09/2026 10:07
fc6a88a1-5adc-4c90-bb30-c7a9f121131c,counsel.shoes,available,31.25,51.95,high,low,7,spaceship,,,28/09/2026 01:44
fecd0a27-c858-48bb-9f70-a4a684ced85b,counsel.coach,available,17.99,77.99,high,low,7,namesilo,,,28/09/2026 01:44
ff88cfde-e94a-4a79-8550-165d9a52c774,lawyer.kim,premium,2500,,high,low,6,name.com,,,
6a0e115c-f35d-4f4a-b733-c243b9b52125,attorney.healthcare,premium,118.8,118.8,high,low,8,namesilo,,,
c2daeb47-8df1-4348-a8b0-6e26ba74d3b0,counsel.accountant,premium,,,high,low,7,,,,28/09/2026 01:44
fdd30889-21c1-48fe-98ee-f3c81bfaa6fb,counsel.army,available,15.73,31.25,high,low,7,spaceship,,,28/09/2026 01:44
411247b0-ef38-4e7d-bef0-6bb645394787,court.porn,available,69.98,154.98,high,low,5,namecheap,,,27/09/2026 16:05
327d7e15-fc7d-4f04-b9cd-5753e71a5c30,attorney.navy,available,41.99,41.99,high,low,8,namesilo,,,
cee6974c-9f63-45c4-a256-83f584b7296b,attorney.systems,premium,118.8,118.8,high,low,8,namesilo,,,
63ad2807-a582-4408-b5d3-d90ac5cfe4a2,counsel.diy,available,30.2,30.2,high,low,7,cloudflare,,,28/09/2026 01:44
d673586d-3c86-42b6-923e-dbd505e19ad6,attorney.cab,available,19.99,,high,low,8,name.com,,,
3ef8830a-646f-4b8b-bd1f-fd07a33af954,court.center,available,5.99,32.49,high,low,5,namesilo,,,27/09/2026 16:05
c348e190-2237-4762-8261-592e353f3798,lawyer.pw,premium,1872.92,,high,low,6,name.com,,,
3e2cd3bf-5549-46c8-8b73-ce668102b3ab,lawyer.clothing,available,19.99,,high,low,6,name.com,,,
f94da3de-05b3-41a8-8e85-2df9d6545e5c,business.law,resell,,,high,medium,8,"GoDaddy.com, LLC",14/08/2020 09:01,14/08/2027 09:01,28/09/2026 07:07
332768dd-7f26-4a28-a78f-f91b72868577,counsel.biz,premium,,,high,low,7,,,,28/09/2026 01:44
506ec3de-fb5f-4355-b357-f8c70213a4ee,court.ooo,premium,83.29,23.59,high,low,5,namesilo,,,27/09/2026 16:05
bc3aba61-5762-449e-97cd-08b5661a82a0,court.organic,available,17.99,85.99,high,low,5,namesilo,,,27/09/2026 16:05
f44219df-93db-49c1-b8d7-258bf3a591fe,court.kiwi,premium,47.15,47.15,high,low,5,dynadot,,,27/09/2026 16:05
b73ad5f6-4345-4e6e-873c-8d20213099da,attorney.reise,available,27.89,97.99,high,low,8,namesilo,,,
5df405d3-f20a-496b-b9b7-94c763cc5483,counsel.ac,available,45,45,high,low,7,cloudflare,,,28/09/2026 01:44
850b7a88-bda1-4262-ba6d-a291c3f7de90,lawyer.stream,premium,3125,,high,low,6,name.com,,,
71ff2869-5a1f-416f-b96c-ff649500cbd1,attorney.cyou,premium,35.75,71.5,high,low,8,namecheap,,,
5be56e7c-1aa5-4358-b2ad-9ec9fb347cfc,attorney.democrat,available,9.99,,high,low,8,name.com,,,
435e0463-5323-447a-a3ab-712d12bb04ec,attorney.sarl,available,6.99,6.99,high,low,8,namesilo,,,
ba6c91cc-995f-4436-8574-b08aed9dad9f,solicitor.ninja,available,,,high,high,9,,,,
b93dc297-aa2b-4a1d-9e3d-e8d101caf88d,justice.cloud,premium,116,116,high,medium,7,namesilo,,,19/09/2026 10:07
6acc242a-cd6e-42d9-8d39-95149cddf443,lawyer.eco,premium,4375,,high,low,6,name.com,,,
0552bc89-8ff4-4143-a352-63fbefeee7ee,court.best,available,1.63,18.5,high,low,5,dynadot,,,27/09/2026 16:05
13b6c452-74be-4b82-8c02-4ffbaf205cd8,court.click,premium,87.5,,high,low,5,name.com,,,27/09/2026 16:05
ac6e95e9-aeb9-4995-a007-655af6c62cfe,justice.click,premium,640,640,high,medium,7,namesilo,,,19/09/2026 10:07
94b91648-5fb9-4538-b557-e576099b5247,attorney.music,available,,,high,low,8,,,,
fd1c0ed2-a64e-4d5f-83c0-328e6332bde3,lawyer.contact,resell,,,high,low,6,Porkbun LLC,09/12/2020 16:00,09/12/2026 16:00,26/09/2026 07:09
25cbf0d5-e314-4dc6-b5f9-96f0e4637908,court.free,premium,550,550,high,low,5,dynadot,,,27/09/2026 16:05
b5be5f40-d00e-4c50-88f9-60a61d45eb90,attorney.expert,premium,854,854,high,low,8,namesilo,,,
eb80762a-4da6-4935-b406-bf8cc10967ce,counsel.skin,available,1.99,17.29,high,low,7,namesilo,,,28/09/2026 01:44
f6daaaa1-3426-45c5-b21c-d78d493559ab,attorney.careers,premium,250,,high,low,8,name.com,,,
e2755595-0025-4b52-ad2c-72e587085c29,attorney.security,available,1999.99,2049.99,high,low,8,namesilo,,,
ad80d71b-9ac5-47c2-a22b-4501379cc4e5,justice.gift,available,14.99,14.99,high,medium,7,namesilo,,,19/09/2026 10:07
ecad8941-0abc-4c86-93e6-ed193172ffcc,judiciary.ninja,available,,,high,medium,9,,,,
c8c3b716-641d-4b57-975a-29e1fa4be3f2,trial.cyou,premium,154.7,309.4,high,low,5,namecheap,,,
7532ba7d-81ea-4ad5-9a01-e472f02a85d1,litigation.app,premium,248.75,248.75,high,high,10,name.com,,,
40e844f7-3a29-4d83-bd0f-38f9de599c43,counsel.rentals,available,11.99,75.99,high,low,7,godaddy,,,28/09/2026 01:44
4774ed6b-0c27-436b-8346-03c13b013b7a,attorney.blog,premium,640,0.99,high,low,8,namesilo,,,
81596a52-30c3-4d6a-8048-5bcf2eab258e,counsel.vet,available,69.99,69.99,high,low,7,godaddy,,,28/09/2026 01:44
f31474e3-cec8-40f0-bcc1-dfb4059a80d5,counsel.forex,available,10.55,83,high,low,7,spaceship,,,28/09/2026 01:44
d683861a-6dcf-4a5b-b37b-e9bbc7d9893f,attorney.party,resell,,,high,low,8,Dynadot Inc,01/03/2016 08:40,28/02/2027 23:59,26/09/2026 04:07
f5661695-514d-469f-b20d-1811af6655bd,counsel.schule,available,29.98,32.98,high,low,7,namecheap,,,28/09/2026 01:44
5fbe78f2-7716-4ad4-ab7f-1c9588ce520a,attorney.diy,premium,437.5,,high,low,8,name.com,,,
7701c6a9-41b9-44bb-94d4-8d42d7786234,attorney.organic,available,19.99,,high,low,8,name.com,,,
3645e60c-9544-4a29-b9b6-2f33ae14070e,justice.bingo,available,53.99,53.99,high,medium,7,namesilo,,,19/09/2026 10:07
ce1bf9d0-cab2-43dd-b165-597611ada9fc,lawyer.viajes,available,37.99,37.99,high,low,6,namesilo,,,
803b225b-f716-4c31-a942-22c150d061b6,barrister.llc,available,14.99,42.99,high,low,9,namesilo,,,22/09/2026 08:39
1f8211dc-1501-4e97-a7a2-9afe029b545c,justice.qpon,premium,640,23.54,high,medium,7,namesilo,,,19/09/2026 10:07
07800643-1fb3-41b5-8528-9db2a0d7b31f,court.deals,available,39.99,39.99,high,low,5,namesilo,,,27/09/2026 16:05
0a2a50e0-182e-4843-8dfd-e61c8bfbfe9c,lawyer.fishing,premium,96,29.5,high,low,6,namesilo,,,
d2ce65ff-2aed-4f7b-ae66-ce75ae57b632,lawyer.airforce,available,103.99,103.99,high,low,6,namesilo,,,